date,station,particle,replicate,phase,file,spec_class,confidence,is_chemical,carbonyl_index,mixed,reasons,omnic_name,hqi,validated,raman_gt,raman_conf,gt_source,support_level,support_note,B_label,B_tier,B_r,tie_break,raman_qc,qc_flagged,delta_version,ftir_pending
03.15,S1,1,1,phase1,0315S1_1.CSV,polyolefin_PP,tentative,True,0.2652559611003403,True,CH3 backbone; 1375; 998/973/840,Triethylene glycol monoethyl ether,65.8,False,,,,,,,,,,,,,
03.15,S1,10,1,phase1,0315S1_10.CSV,silicate,tentative,True,,True,"Si-O strong, no polymer backbone (sand/glass)","Analcime #1, 0.086 wt %",77.68,False,,,,,,,,,,,,,
03.15,S1,2,1,phase1,0315S1_2.CSV,silicate,tentative,True,,False,"Si-O strong, no polymer backbone (sand/glass)",Mugo Pine,81.5,False,,,,,,,,,,,,,
03.15,S1,3,1,phase1,0315S1_3.CSV,silicate,tentative,True,,False,"Si-O strong, no polymer backbone (sand/glass)",Dandelion,84.77,False,,,,,,,,,,,,,
03.15,S1,4,1,phase1,0315S1_4.CSV,polyolefin_PP,tentative,True,2.036491482910465,True,CH3 backbone; 1375; 998/973/840; weathered->cap,Carrot Seeds,65.95,False,,,,,,,,,,,,,
03.15,S1,5,1,phase1,0315S1_5.CSV,carbonate_calcite,tentative,True,,False,"carbonate 1420/875; polymorph provisionally split by 855, not verified by Raman",Mugo Pine,77.83,False,,,,,,,,,,,,,
03.15,S1,6,1,phase1,0315S1_6.CSV,carbonate_aragonite,tentative,True,,False,"carbonate 1420/875; polymorph provisionally split by 855, not verified by Raman",Mugo Pine,81.5,False,,,,,,,,,,,,,
03.15,S1,7,1,phase1,0315S1_7.CSV,polyolefin_unresolved,tentative,True,0.35467691348954067,True,partial CH2 fingerprint + carbonyl (CI 0.35): PE/PP not separable; Raman-required,,,False,,,,,,,,,,,,,
03.15,S1,8,1,phase1,0315S1_8.CSV,mineral_or_unresolved,unresolved,False,,False,weak Si-O only; ambiguous C-O region,Paromomycin sulfate,64.21,False,,,,,,,,,,,,,
03.15,S1,9,1,phase1,0315S1_9.CSV,silicate,tentative,True,,True,"Si-O strong, no polymer backbone (sand/glass)","Analcime #1, 0.086 wt %",79.0,False,,,,,,,,,,,,,
03.15,S2,1,1,phase1,0315S2_1.CSV,polyolefin_unresolved,tentative,True,0.2127618008230951,True,"aliphatic CH, no clean PE/PP doublet; possible Si-O shoulder","Poly(bisphenol a-co-epichlorohydrin), glycidyl end-capped, a",85.51,False,,,,,,,,,,,,,
03.15,S2,2,1,phase1,0315S2_2.CSV,silicate,tentative,True,,True,"Si-O strong, no polymer backbone (sand/glass)",Newsprint (black ink),83.8,False,,,,,,,,,,,,,
03.15,S2,3,1,phase1,0315S2_3.CSV,silicate,tentative,True,,True,"Si-O strong, no polymer backbone (sand/glass)",Red Pepper Seed,65.11,False,,,,,,,,,,,,,
03.15,S3,1,1,phase1,0315S3_1.CSV,silicate,tentative,True,,False,"Si-O strong, no polymer backbone (sand/glass)",Saponite,92.25,False,,,,,,,,,,,,,
03.16,S1,1,1,phase1,0316S1_1.CSV,silicate,tentative,True,,False,"Si-O strong, no polymer backbone (sand/glass)",Hoover 512-BU,84.11,False,,,,,,,,,,,,,
03.16,S1,10,1,phase1,0316S1_10.CSV,silicate,tentative,True,,False,"Si-O strong, no polymer backbone (sand/glass)","Formaldehyde, 37 wt.% solution in water",77.61,False,,,,,,,,,,,,,
03.16,S1,2,1,phase1,0316S1_2.CSV,silicate,tentative,True,,False,"Si-O strong, no polymer backbone (sand/glass)",Hoover 512-BU,78.75,False,,,,,,,,,,,,,
03.16,S1,3,1,phase1,0316S1_3.CSV,silicate,tentative,True,,False,"Si-O strong, no polymer backbone (sand/glass)",Licorice Root,68.06,False,,,,,,,,,,,,,
03.16,S1,4,1,phase1,0316S1_4.CSV,silicate,tentative,True,,False,"Si-O strong, no polymer backbone (sand/glass)",Felly's Professional Mix Topsoil,75.47,False,,,,,,,,,,,,,
03.16,S1,5,1,phase1,0316S1_5.CSV,carbonate_calcite,tentative,True,,True,"carbonate 1420/875; polymorph provisionally split by 855, not verified by Raman",Felly's Professional Mix Topsoil,76.28,False,,,,,,,,,,,,,
03.16,S1,6,1,phase1,0316S1_6.CSV,silicate,tentative,True,,False,"Si-O strong, no polymer backbone (sand/glass)",Newsprint (color ink),79.62,False,,,,,,,,,,,,,
03.16,S1,7,1,phase1,0316S1_7.CSV,silicate,tentative,True,,False,"Si-O strong, no polymer backbone (sand/glass)",Mugo Pine,77.06,False,,,,,,,,,,,,,
03.16,S1,8,1,phase1,0316S1_8.CSV,silicate,tentative,True,,False,"Si-O strong, no polymer backbone (sand/glass)",Mugo Pine,80.1,False,,,,,,,,,,,,,
03.16,S1,9,1,phase1,0316S1_9.CSV,silicate,tentative,True,,False,"Si-O strong, no polymer backbone (sand/glass)",Felly's Professional Mix Topsoil,81.95,False,,,,,,,,,,,,,
03.16,S2,1,1,phase1,0316S2_1.CSV,silicate,tentative,True,,True,"Si-O strong, no polymer backbone (sand/glass)",Felly's Professional Mix Topsoil,76.49,False,,,,,,,,,,,,,
03.16,S2,2,1,phase1,0316S2_2.CSV,silicate,tentative,True,,True,"Si-O strong, no polymer backbone (sand/glass)",Red Pepper Seed,80.76,False,,,,,,,,,,,,,
03.16,S2,3,1,phase1,0316S2_3.CSV,mineral_or_unresolved,unresolved,False,,False,weak Si-O only; ambiguous C-O region,Felly's Professional Mix Topsoil,76.28,False,,,,,,,,,,,,,
03.16,S3,1,1,phase1,0316S3_1.CSV,silicate,tentative,True,,False,"Si-O strong, no polymer backbone (sand/glass)",Saponite,93.0,False,,,,,,,,,,,,,
03.27,S1,1,1,phase1,0327S1_1.CSV,unresolved,unresolved,False,,False,no diagnostic band pattern,"Cement, cured",64.93,False,,,,,,,,,,,,,
03.27,S1,2,1,phase1,0327S1_2.CSV,PVDF,confident,True,,True,C-F 1402/1180/876,Polyblend Ceramic Tile Caulk (cured),79.06,False,,,,,,,,,,,,,
03.27,S1,3,1,phase1,0327S1_3.CSV,unresolved,unresolved,False,,False,no diagnostic band pattern,Plumber's Putty,73.03,False,,,,,,,,,,,,,
03.27,S1,4,1,phase1,0327S1_4.CSV,PVDF,confident,True,,False,C-F 1402/1180/876,Plumber's Putty,80.94,False,,,,,,,,,,,,,
03.27,S1,5,1,phase1,0327S1_5.CSV,silicate,tentative,True,,False,"Si-O strong, no polymer backbone (sand/glass)",Felly's Professional Mix Topsoil,77.29,False,,,,,,,,,,,,,
03.27,S1,6,1,phase1,0327S1_6.CSV,mineral_or_unresolved,unresolved,False,,False,weak Si-O only; ambiguous C-O region,ALUMINA SILICATE #1,75.89,False,,,,,,,,,,,,,
03.27,S1,7,1,phase1,0327S1_7.CSV,carbonate_calcite,tentative,True,,True,"carbonate 1420/875; polymorph provisionally split by 855, not verified by Raman",Parking Lot Tar,61.97,False,,,,,,,,,,,,,
03.27,S2,1,1,phase1,0327S2_1.CSV,mineral_or_unresolved,unresolved,False,,False,weak Si-O only; ambiguous C-O region,Lead Monosilicate,59.81,False,,,,,,,,,,,,,
03.27,S2,2,1,phase1,0327S2_2.CSV,silicate,tentative,True,,False,"Si-O strong, no polymer backbone (sand/glass)",Lead Monosilicate,80.0,False,,,,,,,,,,,,,
03.27,S2,3,1,phase1,0327S2_3.CSV,mineral_or_unresolved,unresolved,False,,False,weak Si-O only; ambiguous C-O region,Lead Monosilicate,55.09,False,,,,,,,,,,,,,
03.27,S2,4,1,phase1,0327S2_4.CSV,silicate,tentative,True,,False,"Si-O strong, no polymer backbone (sand/glass)",Deep Rose blush,76.34,False,,,,,,,,,,,,,
03.27,S2,5,1,phase1,0327S2_5.CSV,silicate,tentative,True,,False,"Si-O strong, no polymer backbone (sand/glass)",Deep Rose blush,81.53,False,,,,,,,,,,,,,
03.27,S3,1,1,phase1,0327S3_1.CSV,mineral_or_unresolved,unresolved,False,,False,weak Si-O only; ambiguous C-O region,Busan 11-M1,64.28,False,,,,,,,,,,,,,
03.27,S3,2,1,phase1,0327S3_2.CSV,silicate,tentative,True,,False,"Si-O strong, no polymer backbone (sand/glass)",Deep Rose blush,75.83,False,,,,,,,,,,,,,
03.27,S3,3,1,phase1,0327S3_3.CSV,carbonate_aragonite,tentative,True,,False,"carbonate 1420/875; polymorph provisionally split by 855, not verified by Raman",White Play Sand,90.16,False,,,,,,,,,,,,,
03.27,S3,4,1,phase1,0327S3_4.CSV,mineral_or_unresolved,unresolved,False,,False,weak Si-O only; ambiguous C-O region,Deep Rose blush,60.89,False,,,,,,,,,,,,,
03.28,S1,1,1,phase1,0328S1_1.CSV,PVDF,confident,True,,True,C-F 1402/1180/876,POLY(VINYLIDENE FLUORIDE),86.49,False,,,,,,,,,,,,,
03.28,S1,2,1,phase1,0328S1_2.CSV,PVC,confident,True,,True,C-Cl 600-700 + 1250 + CH(1426/1330),"Poly(vinyl chloride), inherent viscosity 0.92",88.7,False,,,,,,,,,,,,,
03.28,S1,3,1,phase1,0328S1_3.CSV,silicate,tentative,True,,False,"Si-O strong, no polymer backbone (sand/glass)",Deep Rose blush,84.34,False,,,,,,,,,,,,,
03.28,S1,4,1,phase1,0328S1_4.CSV,mineral_or_unresolved,unresolved,False,,False,weak Si-O only; ambiguous C-O region,Wheat Gluten fluor,79.27,False,,,,,,,,,,,,,
03.28,S1,5,1,phase1,0328S1_5.CSV,silicate,tentative,True,,False,"Si-O strong, no polymer backbone (sand/glass)",Red Pepper Seed,80.22,False,,,,,,,,,,,,,
03.28,S1,6,1,phase1,0328S1_6.CSV,PVC,confident,True,,True,C-Cl 600-700 + 1250 + CH(1426/1330),Spanish Saffron,68.58,False,,,,,,,,,,,,,
03.28,S1,7,1,phase1,0328S1_7.CSV,unresolved,unresolved,False,,False,no diagnostic band pattern,Styrene/acrylonitrile copolymer 32%,88.2,False,,,,,,,,,,,,,
03.28,S1,8,1,phase1,0328S1_8.CSV,polyolefin_PE,tentative,True,0.1630408244333131,True,CH2 backbone; 1472; 730/717 doublet; FT-IR cannot resolve PE/PP -> Raman,Paraffin wax flakes mp 65 deg C min,92.1,False,,,,,,,,,,,,,
03.28,S1,9,1,phase1,0328S1_9.CSV,polyolefin_PE,tentative,True,0.08032176129803836,True,CH2 backbone; 1472; 730/717 doublet; FT-IR cannot resolve PE/PP -> Raman,POLYEHTYLENE (Mn 1400),97.39,False,,,,,,,,,,,,,
03.28,S2,1,1,phase1,0328S2_1.CSV,unresolved,unresolved,False,,False,no diagnostic band pattern,Plumber's Putty,79.47,False,,,,,,,,,,,,,
03.28,S2,2,1,phase1,0328S2_2.CSV,carbonate_aragonite,tentative,True,,False,"carbonate 1420/875; polymorph provisionally split by 855, not verified by Raman",Comet Disinfectant Cleaner,95.34,False,,,,,,,,,,,,,
03.28,S2,3,1,phase1,0328S2_3.CSV,silicate,tentative,True,,False,"Si-O strong, no polymer backbone (sand/glass)",Wheat Gluten fluor,79.27,False,,,,,,,,,,,,,
03.28,S2,4,1,phase1,0328S2_4.CSV,carbonate_aragonite,tentative,True,,False,"carbonate 1420/875; polymorph provisionally split by 855, not verified by Raman",AJAX with Bleach Cleanser,89.16,False,,,,,,,,,,,,,
03.28,S2,5,1,phase1,0328S2_5.CSV,carbonate_aragonite,tentative,True,,False,"carbonate 1420/875; polymorph provisionally split by 855, not verified by Raman",Plumber's Putty,88.29,False,,,,,,,,,,,,,
03.28,S3,1,1,phase1,0328S3_1.CSV,mineral_or_unresolved,unresolved,False,,False,weak Si-O only; ambiguous C-O region,SILICA SAND,83.55,False,,,,,,,,,,,,,
03.28,S3,2,1,phase1,0328S3_2.CSV,mineral_or_unresolved,unresolved,False,,False,weak Si-O only; ambiguous C-O region,"Cement, cured",68.6,False,,,,,,,,,,,,,
04.21,S1,1,1,phase1,0421S1_1.CSV,carbonate_aragonite,tentative,True,,False,"carbonate 1420/875; polymorph provisionally split by 855, not verified by Raman",Comet Disinfectant Cleaner,92.72,False,,,,,,,,,,,,,
04.21,S1,2,1,phase1,0421S1_2.CSV,polyolefin_unresolved,tentative,True,1.0799996429046357,True,partial CH2 fingerprint + carbonyl (CI 1.08): PE/PP not separable; Raman-required,Japanese maple,73.8,False,,,,,,,,,,,,,
04.21,S1,3,1,phase1,0421S1_3.CSV,carbonate_aragonite,tentative,True,,True,"carbonate 1420/875; polymorph provisionally split by 855, not verified by Raman",Comet Disinfectant Cleaner,92.85,False,,,,,,,,,,,,,
04.21,S1,4,1,phase1,0421S1_4.CSV,carbonate_aragonite,tentative,True,,True,"carbonate 1420/875; polymorph provisionally split by 855, not verified by Raman",AJAX with Bleach Cleanser,94.27,False,,,,,,,,,,,,,
04.21,S1,5,1,phase1,0421S1_5.CSV,carbonate_aragonite,tentative,True,,True,"carbonate 1420/875; polymorph provisionally split by 855, not verified by Raman","Cement, cured",90.6,False,,,,,,,,,,,,,
04.21,S2,1,1,phase1,0421S2_1.CSV,polyester_PET,confident,True,,True,"1715 + 1240/1090, no CH backbone",Polyester tere- and isophthalic acids,68.37,False,,,,,,,,,,,,,
04.21,S2,2,1,phase1,0421S2_2.CSV,silicate,tentative,True,,True,"Si-O strong, no polymer backbone (sand/glass)",Phenoxy resin nom mw 30000,87.67,False,,,,,,,,,,,,,
04.21,S2,3,1,phase1,0421S2_3.CSV,carbonate_aragonite,tentative,True,,True,"carbonate 1420/875; polymorph provisionally split by 855, not verified by Raman",Comet Disinfectant Cleaner,91.2,False,,,,,,,,,,,,,
04.21,S2,4,1,phase1,0421S2_4.CSV,mineral_or_unresolved,unresolved,False,,True,weak Si-O only; ambiguous C-O region,Zein purified,86.67,False,,,,,,,,,,,,,
04.21,S2,5,1,phase1,0421S2_5.CSV,carbonate_aragonite,tentative,True,,False,"carbonate 1420/875; polymorph provisionally split by 855, not verified by Raman","Cement, cured",90.29,False,,,,,,,,,,,,,
04.21,S3,1,1,phase1,0421S3_1.CSV,silicate,tentative,True,,True,"Si-O strong, no polymer backbone (sand/glass)",Diopside,70.82,False,,,,,,,,,,,,,
04.21,S3,2,1,phase1,0421S3_2.CSV,carbonate_aragonite,tentative,True,,True,"carbonate 1420/875; polymorph provisionally split by 855, not verified by Raman",PELLYITE,61.06,False,,,,,,,,,,,,,
04.21,S3,3,1,phase1,0421S3_3.CSV,carbonate_aragonite,tentative,True,,True,"carbonate 1420/875; polymorph provisionally split by 855, not verified by Raman",Diopside,66.84,False,,,,,,,,,,,,,
05.10,S1,1,1,phase1,0510S1_1.CSV,silicate,tentative,True,,False,"Si-O strong, no polymer backbone (sand/glass)",Poly(bisphenol a-co-epichlorohydrin) average MW ca 40000,92.75,False,,,,,,,,,,,,,
05.10,S1,10,1,phase1,0510S1_10.CSV,silicate,tentative,True,,False,"Si-O strong, no polymer backbone (sand/glass)",Felly's Professional Mix Topsoil,77.8,False,,,,,,,,,,,,,
05.10,S1,11,1,phase1,0510S1_11.CSV,carbonate_calcite,tentative,True,,False,"carbonate 1420/875; polymorph provisionally split by 855, not verified by Raman",BAYLITH 1 (POWDER),77.72,False,,,,,,,,,,,,,
05.10,S1,12,1,phase1,0510S1_12.CSV,silicate,tentative,True,,False,"Si-O strong, no polymer backbone (sand/glass)",Hornblende,62.22,False,,,,,,,,,,,,,
05.10,S1,13,1,phase1,0510S1_13.CSV,silicate,tentative,True,,False,"Si-O strong, no polymer backbone (sand/glass)",Face powder,67.28,False,,,,,,,,,,,,,
05.10,S1,2,1,phase1,0510S1_2.CSV,silicate,tentative,True,,False,"Si-O strong, no polymer backbone (sand/glass)",Deep Rose blush,69.87,False,,,,,,,,,,,,,
05.10,S1,3,1,phase1,0510S1_3.CSV,PVC,confident,True,,True,C-Cl 600-700 + 1250 + CH(1426/1330),POLYESTER(TS) #3,65.07,False,,,,,,,,,,,,,
05.10,S1,4,1,phase1,0510S1_4.CSV,silicate,tentative,True,,False,"Si-O strong, no polymer backbone (sand/glass)",Felly's Professional Mix Topsoil,86.68,False,,,,,,,,,,,,,
05.10,S1,5,1,phase1,0510S1_5.CSV,silicate,tentative,True,,False,"Si-O strong, no polymer backbone (sand/glass)",Felly's Professional Mix Topsoil,78.85,False,,,,,,,,,,,,,
05.10,S1,6,1,phase1,0510S1_6.CSV,silicate,tentative,True,,False,"Si-O strong, no polymer backbone (sand/glass)",Mugo Pine,81.46,False,,,,,,,,,,,,,
05.10,S1,7,1,phase1,0510S1_7.CSV,PVC,confident,True,,True,C-Cl 600-700 + 1250 + CH(1426/1330),Vinyl Gloves,85.62,False,,,,,,,,,,,,,
05.10,S1,8,1,phase1,0510S1_8.CSV,nylon_PA,confident,True,,False,N-H 3300 + amide I/II,Nylon 6,88.89,False,,,,,,,,,,,,,
05.10,S1,9,1,phase1,0510S1_9.CSV,PVDF,confident,True,,True,C-F 1402/1180/876,Poly(bisphenol a-co-epichlorohydrin) average MW ca 40000,79.6,False,,,,,,,,,,,,,
05.10,S2,1,1,phase1,0510S2_1.CSV,carbonate_calcite,tentative,True,,False,"carbonate 1420/875; polymorph provisionally split by 855, not verified by Raman","Cement, cured",60.32,False,,,,,,,,,,,,,
05.10,S2,2,1,phase1,0510S2_2.CSV,mineral_or_unresolved,unresolved,False,,False,weak Si-O only; ambiguous C-O region,ALUMINA SILICATE #1,69.17,False,,,,,,,,,,,,,
05.10,S3,1,1,phase1,0510S3_1.CSV,unresolved,unresolved,False,,False,no diagnostic band pattern,Felly's Professional Mix Topsoil,79.32,False,,,,,,,,,,,,,
05.10,S3,2,1,phase1,0510S3_2.CSV,silicate,tentative,True,,True,"Si-O strong, no polymer backbone (sand/glass)",Painter's Masking Tape (sticky side),90.77,False,,,,,,,,,,,,,
05.10,S3,3,1,phase1,0510S3_3.CSV,silicate,tentative,True,,True,"Si-O strong, no polymer backbone (sand/glass)",Methyl formate,79.23,False,,,,,,,,,,,,,
05.10,S3,4,1,phase1,0510S3_4.CSV,PVDF,confident,True,,False,C-F 1402/1180/876,Plumber's Putty,90.58,False,,,,,,,,,,,,,
05.17,S1,1,1,phase1,0517S1_1.CSV,polyolefin_PE,tentative,True,0.08495172324046951,False,CH2 backbone; 1472; 730/717 doublet; FT-IR cannot resolve PE/PP -> Raman,Duct tape (Back side),94.05,True,polyolefin_PE,confident,rule,A+,both methods confident and in agreement,polyolefin_PE,confident,0.981,False,ok,False,instrument-internal Si shift (per-file); no post-hoc correction,False
05.17,S1,2,1,phase1,0517S1_2.CSV,polyolefin_PE,tentative,True,0.30684682302107313,False,"CH2 backbone; 1472; 730/717 doublet; FT-IR cannot resolve PE/PP -> Raman; oxidised (CI 0.31) - doublet complete, not withheld",Duct tape (Back side),97.85,False,,,,,,,,,,,,,
05.17,S1,3,1,phase1,0517S1_3.CSV,polyolefin_PP,confident,True,0.08989015227825162,True,CH3 backbone; 1375; 998/973/840,Polypropylene+Vistalon 404 1:1,77.53,False,,,,,,,,,,,,,
05.17,S1,4,1,phase1,0517S1_4.CSV,polyolefin_PE,tentative,True,0.3079267920194363,False,"CH2 backbone; 1472; 730/717 doublet; FT-IR cannot resolve PE/PP -> Raman; oxidised (CI 0.31) - doublet complete, not withheld",Duct tape (Back side),98.34,False,,,,,,,,,,,,,
05.17,S1,5,1,phase1,0517S1_5.CSV,polyolefin_PE,tentative,True,0.12284400503559621,False,CH2 backbone; 1472; 730/717 doublet; FT-IR cannot resolve PE/PP -> Raman,Duct tape (Back side),96.84,False,,,,,,,,,,,,,
05.17,S1,6,1,phase1,0517S1_6.CSV,polyester_PET,confident,True,,True,"1715 + 1240/1090, no CH backbone",Castor Bean,73.45,False,,,,,,,,,,,,,
05.17,S1,7,1,phase1,0517S1_7.CSV,polyolefin_unresolved,tentative,True,0.24933055332625143,False,"aliphatic CH, no clean PE/PP doublet; possible Si-O shoulder",ARC 1001 (cast),89.79,False,,,,,,,,,,,,,
05.17,S1,8,1,phase1,0517S1_8.CSV,polyolefin_unresolved,tentative,True,1.0892419680519074,True,partial CH2 fingerprint + carbonyl (CI 1.09): PE/PP not separable; Raman-required,Deep Rose blush,66.47,False,,,,,,,,,,,,,
05.17,S2,1,1,phase1,0517S2_1.CSV,polyolefin_PP,confident,True,0.043468143937169516,True,CH3 backbone; 1375; 998/973/840,NAT PALE CREPE RUB #1,84.97,False,,,,,,,,,,,,,
05.17,S2,2,1,phase1,0517S2_2.CSV,polyolefin_PP,confident,True,0.10204536008286123,False,CH3 backbone; 1375; 998/973/840,Polypropylene isotactic,93.77,False,,,,,,,,,,,,,
05.17,S2,3,1,phase1,0517S2_3.CSV,polyolefin_PP,tentative,True,1.66491807587772,True,CH3 backbone; 1375; 998/973/840; weathered->cap,Polyester 41% soybean oil modified phthalic alkyd,79.49,False,,,,,,,,,,,,,
05.17,S2,4,1,phase1,0517S2_4.CSV,polyolefin_PE,tentative,True,0.9925135979608528,False,"CH2 backbone; 1472; 730/717 doublet; FT-IR cannot resolve PE/PP -> Raman; 1715=OXIDATION on PE (NOT PET); oxidised (CI 0.99) - doublet complete, not withheld",Myristic acid 99.5+%,91.69,False,,,,,,,,,,,,,
05.17,S2,5,1,phase1,0517S2_5.CSV,carbonate_aragonite,tentative,True,,False,"carbonate 1420/875; polymorph provisionally split by 855, not verified by Raman","Cement, cured",72.1,False,,,,,,,,,,,,,
05.17,S3,1,1,phase1,0517S3_1.CSV,polyolefin_PP,confident,True,0.14307010214010682,True,CH3 backbone; 1375; 998/973/840,Plumber's Putty,77.34,False,,,,,,,,,,,,,
05.17,S3,2,1,phase1,0517S3_2.CSV,polyester_PET,confident,True,,True,"1715 + 1240/1090, no CH backbone",Formaldehyde 37 wt.% solution in water,65.7,False,,,,,,,,,,,,,
05.17,S3,3,1,phase1,0517S3_3.CSV,carbonate_aragonite,tentative,True,,True,"carbonate 1420/875; polymorph provisionally split by 855, not verified by Raman",Plumber's Putty,84.45,False,,,,,,,,,,,,,
05.17,S3,4,1,phase1,0517S3_4.CSV,PVC,confident,True,,False,C-Cl 600-700 + 1250 + CH(1426/1330),Visa card (blue plastic),85.59,False,,,,,,,,,,,,,
05.17,S3,5,1,phase1,0517S3_5.CSV,carbonate_aragonite,tentative,True,,False,"carbonate 1420/875; polymorph provisionally split by 855, not verified by Raman",AJAX with Bleach Cleanser,91.83,False,,,,,,,,,,,,,
05.17,S3,6,1,phase1,0517S3_6.CSV,PVC,confident,True,,True,C-Cl 600-700 + 1250 + CH(1426/1330),Black enamel paint,67.92,False,,,,,,,,,,,,,
05.17,S3,7,1,phase1,0517S3_7.CSV,unresolved,unresolved,False,,False,no diagnostic band pattern,Bleach,80.95,False,,,,,,,,,,,,,
05.17,S3,8,1,phase1,0517S3_8.CSV,silicate,tentative,True,,False,"Si-O strong, no polymer backbone (sand/glass)",Urethane Sealant,87.28,False,,,,,,,,,,,,,
06.01,S1,1,1,phase1,0601S1-1.CSV,polyolefin_PP,tentative,True,0.4346696948651498,True,CH3 backbone; 1375; 998/973/840; weathered->cap,Crayon (red),84.36,False,,,,,,,,,,,,,
06.01,S1,10,1,phase1,0601S1-10.CSV,PVC,confident,True,,True,C-Cl 600-700 + 1250 + CH(1426/1330),100% Polyester,85.2,False,,,,,,,,,,,,,
06.01,S1,11,1,phase1,0601S1-11.CSV,polyolefin_PE,tentative,True,0.16676560302740903,False,CH2 backbone; 1472; 730/717 doublet; FT-IR cannot resolve PE/PP -> Raman,ARC 1001 (cast),92.3,False,,,,,,,,,,,,,
06.01,S1,12,1,phase1,0601S1-12.CSV,polyolefin_PE,tentative,True,0.02599291512194346,False,CH2 backbone; 1472; 730/717 doublet; FT-IR cannot resolve PE/PP -> Raman,Duct tape (Back side),98.32,False,,,,,,,,,,,,,
06.01,S1,2,1,phase1,0601S1-2.CSV,polyolefin_PP,tentative,True,0.4230618166285986,True,CH3 backbone; 1375; 998/973/840; weathered->cap,Ethyl triacontanoate 98%,78.36,False,,,,,,,,,,,,,
06.01,S1,3,1,phase1,0601S1-3.CSV,carbonate_calcite,tentative,True,,True,"carbonate 1420/875; polymorph provisionally split by 855, not verified by Raman",HazMat Glove,90.38,False,,,,,,,,,,,,,
06.01,S1,4,1,phase1,0601S1-4.CSV,polyolefin_PP,tentative,True,0.3339222186047021,True,CH3 backbone; 1375; 998/973/840; weathered->cap,POLYETHYLENE (Mn 1400),90.09,False,,,,,,,,,,,,,
06.01,S1,5,1,phase1,0601S1-5.CSV,polyolefin_PE,tentative,True,0.3741463228609308,False,"CH2 backbone; 1472; 730/717 doublet; FT-IR cannot resolve PE/PP -> Raman; 1715=OXIDATION on PE (NOT PET); oxidised (CI 0.37) - doublet complete, not withheld",Polyethylene high density,87.07,False,,,,,,,,,,,,,
06.01,S1,6,1,phase1,0601S1-6.CSV,polyolefin_unresolved,tentative,True,0.38893509450925473,False,partial CH2 fingerprint + carbonyl (CI 0.39): PE/PP not separable; Raman-required,Zinc stearate,78.72,False,,,,,,,,,,,,,
06.01,S1,7,1,phase1,0601S1-7.CSV,polyolefin_PE,tentative,True,0.39628319570157206,False,"CH2 backbone; 1472; 730/717 doublet; FT-IR cannot resolve PE/PP -> Raman; 1715=OXIDATION on PE (NOT PET); oxidised (CI 0.40) - doublet complete, not withheld",POLYEHTYLENE (Mn 1800),90.63,False,,,,,,,,,,,,,
06.01,S1,8,1,phase1,0601S1-8.csv,unresolved,unresolved,False,,False,no diagnostic band pattern,Blue Spruce,80.48,False,,,,,,,,,,,,,
06.01,S1,9,1,phase1,0601S1-9.CSV,polyolefin_PE,tentative,True,0.027345122984818723,False,CH2 backbone; 1472; 730/717 doublet; FT-IR cannot resolve PE/PP -> Raman,Duct tape (Back side),97.52,False,,,,,,,,,,,,,
06.01,S2,1,1,phase1,0601S2-1.CSV,polyolefin_unresolved,tentative,True,0.5957047918543324,True,"aliphatic CH, no clean PE/PP doublet; possible Si-O shoulder",Lemon Basil,94.26,False,,,,,,,,,,,,,
06.01,S2,2,1,phase1,0601S2-2.CSV,polyolefin_PP,tentative,True,0.3619572526480276,True,CH3 backbone; 1375; 998/973/840; weathered->cap,Methyl docosanoate 98+%,82.7,False,,,,,,,,,,,,,
06.01,S2,3,1,phase1,0601S2-3.CSV,polyolefin_PP,confident,True,0.04552109599094889,True,CH3 backbone; 1375; 998/973/840,Polypropylene isotactic,85.2,False,,,,,,,,,,,,,
06.01,S2,4,1,phase1,0601S2-4.CSV,polyolefin_unresolved,tentative,True,0.15976791768673154,False,"aliphatic CH, no clean PE/PP doublet; possible Si-O shoulder",ARC 1001 (cast),92.55,False,,,,,,,,,,,,,
06.01,S2,5,1,phase1,0601S2-5.CSV,mineral_or_unresolved,unresolved,False,,False,weak Si-O only; ambiguous C-O region,Wheat Gluten fluor,84.53,False,,,,,,,,,,,,,
06.01,S2,6,1,phase1,0601S2-6.CSV,polyolefin_PP,confident,True,0.04695200147994638,True,CH3 backbone; 1375; 998/973/840,Polypropylene isotactic,86.48,False,,,,,,,,,,,,,
06.01,S2,7,1,phase1,0601S2-7.CSV,polyolefin_PE,tentative,True,0.039477107177627084,False,CH2 backbone; 1472; 730/717 doublet; FT-IR cannot resolve PE/PP -> Raman,Duct tape (Back side),96.48,False,,,,,,,,,,,,,
06.01,S3,1,1,phase1,0601S3-1.CSV,polyolefin_unresolved,tentative,True,0.2663004012824371,True,"aliphatic CH, no clean PE/PP doublet; possible Si-O shoulder",Human skin (live),74.85,False,,,,,,,,,,,,,
06.01,S3,2,1,phase1,0601S3-2.CSV,carbonate_aragonite,tentative,True,,False,"carbonate 1420/875; polymorph provisionally split by 855, not verified by Raman",Plumber's Putty,73.13,False,,,,,,,,,,,,,
06.01,S3,3,1,phase1,0601S3-3.CSV,silicate,tentative,True,,False,"Si-O strong, no polymer backbone (sand/glass)",Red Pepper Seed,68.4,False,,,,,,,,,,,,,
06.01,S3,4,1,phase1,0601S3-4.CSV,mineral_or_unresolved,unresolved,False,,False,weak Si-O only; ambiguous C-O region,60 grit sand paper (grit side),60.09,False,,,,,,,,,,,,,
06.01,S3,5,1,phase1,0601S3-5.CSV,SAN,tentative,True,,False,nitrile 2237 + aromatic,Cyanoguanidine,39.05,False,,,,,,,,,,,,,
06.07,S1,1,1,phase2,0607s1-1.CSV,QC_low_contrast,unresolved,False,,False,weak/featureless mid-IR: thin film or poor ATR contact (not a pigment),Arsine,37.0,False,,,,,,,,,,,,,
06.07,S1,10,1,phase2,0607S1-10.CSV,polyolefin_PP,confident,True,0.25660639221474324,True,CH3 backbone; 1375; 998/973/840,Red Pepper Seed,80.43,False,,,,,,,,,,,,,
06.07,S1,11,1,phase2,0607S1-11.CSV,QC_low_contrast,unresolved,False,,False,weak/featureless mid-IR: thin film or poor ATR contact (not a pigment),2-Propyn-1-ol,44.3,False,,,,,,,,,,,,,
06.07,S1,12,1,phase2,0607S1-12.CSV,polyolefin_PE,tentative,True,0.04427088814877695,False,CH2 backbone; 1472; 730/717 doublet; FT-IR cannot resolve PE/PP -> Raman,Duct tape (Back side),98.97,True,polyolefin_PE,tentative,rule,A,methods agree; one of the two is confident,polyolefin_PE,confident,0.972,False,ok,False,instrument-internal Si shift (per-file); no post-hoc correction,False
06.07,S1,13,1,phase2,0607S1-13.CSV,polyolefin_PP,confident,True,0.22034671228891484,True,CH3 backbone; 1375; 998/973/840,Comet Disinfectant Cleaner,90.87,False,,,,,,,,,,,,,
06.07,S1,14,1,phase2,0607S1-14.CSV,mineral_or_unresolved,unresolved,False,,False,weak Si-O only; ambiguous C-O region,ALUMINA SILICATE #1,88.36,False,,,,,,,,,,,,,
06.07,S1,15,1,phase2,0607S1-15.CSV,carbonate_aragonite,tentative,True,,False,"carbonate 1420/875; polymorph provisionally split by 855, not verified by Raman","Cement, cured",90.86,False,,,,,,,,,,,,,
06.07,S1,16,1,phase2,0607S1-16.CSV,silicate,tentative,True,,False,"Si-O strong, no polymer backbone (sand/glass)",Thyme,83.2,False,,,,,,,,,,,,,
06.07,S1,17,1,phase2,0607S1-17.CSV,silicate,tentative,True,,False,"Si-O strong, no polymer backbone (sand/glass)",Deep Rose blush,84.16,False,,,,,,,,,,,,,
06.07,S1,2,1,phase2,0607s1-2.CSV,polyolefin_PE,tentative,True,1.6569598907780112,True,"CH2 backbone; 1472; 730/717 doublet; FT-IR cannot resolve PE/PP -> Raman; 1715=OXIDATION on PE (NOT PET); oxidised (CI 1.66) - doublet complete, not withheld",Rubbed Sage leaf,73.0,False,,,,,,,,,,,,,
06.07,S1,3,1,phase2,0607S1-3.CSV,silicate,tentative,True,,False,"Si-O strong, no polymer backbone (sand/glass)",Castor Bean Leaf,81.2,False,,,,,,,,,,,,,
06.07,S1,4,1,phase2,0607S1-4.CSV,polyolefin_PP,confident,True,0.12322831785948832,False,CH3 backbone; 1375; 998/973/840,Polypropylene isotactic,94.2,False,,,,,,,,,,,,,
06.07,S1,5,1,phase2,0607S1-5.CSV,polyolefin_PP,confident,True,0.08892130932631895,False,CH3 backbone; 1375; 998/973/840,Polypropylene isotactic,94.63,True,polyolefin_PP,confident,rule,A+,both methods confident and in agreement,polyolefin_PP,confident,0.956,False,saturated(flat-top 22pt x 1),True,instrument-internal Si shift (per-file); no post-hoc correction,False
06.07,S1,6,1,phase2,0607S1-6.CSV,silicate,tentative,True,,False,"Si-O strong, no polymer backbone (sand/glass)",Deep Rose blush,83.61,False,unresolved,unresolved,withheld,WH,"withheld by the R3 evidence floor - the rule did not decide; see gt_withheld_reason. Not a poor particle, and not a failure of Code 2",polyolefin_PE,unresolved,0.389,True,Center=0 artifact(corr=-0.96),False,instrument-internal Si shift (per-file); no post-hoc correction,False
06.07,S1,7,1,phase2,0607S1-7.CSV,QC_low_contrast,unresolved,False,,False,weak/featureless mid-IR: thin film or poor ATR contact (not a pigment),COMPLEX of Cr(III) hexathiocyanatochromite(III) potassium,59.54,False,,,,,,,,,,,,,
06.07,S1,8,1,phase2,0607S1-8.CSV,polyolefin_unresolved,tentative,True,1.239478923773962,True,"aliphatic CH, no clean PE/PP doublet; possible Si-O shoulder",ALUMINA SILICATE #1,97.1,False,,,,,,,,,,,,,
06.07,S1,9,1,phase2,0607S1-9.CSV,silicate,tentative,True,,False,"Si-O strong, no polymer backbone (sand/glass)",Hoover 520,85.0,False,,,,,,,,,,,,,
06.14,S1,1,1,phase2,0614S1-1.CSV,polyolefin_PP,confident,True,0.10660836023227677,False,CH3 backbone; 1375; 998/973/840,"Polypropylene, isotactic",93.61,True,polyolefin_PP,confident,rule,A+,both methods confident and in agreement,polyolefin_PP,confident,0.972,False,ok,False,instrument-internal Si shift (per-file); no post-hoc correction,False
06.14,S1,10,1,phase2,0614S1-10.CSV,polyolefin_PE,tentative,True,0.41747603988444304,False,"CH2 backbone; 1472; 730/717 doublet; FT-IR cannot resolve PE/PP -> Raman; oxidised (CI 0.42) - doublet complete, not withheld",Bee's wax,94.87,False,,,,,,,,,,,,,
06.14,S1,11,1,phase2,0614S1-11.CSV,polyolefin_unresolved,tentative,True,0.5577070037959018,True,"aliphatic CH, no clean PE/PP doublet; possible Si-O shoulder",Mugo Pine,86.42,False,,,,,,,,,,,,,
06.14,S1,12,1,phase2,0614S1-12.CSV,polyolefin_unresolved,tentative,True,0.15703854607730733,False,"aliphatic CH, no clean PE/PP doublet; possible Si-O shoulder",ARC 1001 (cast),89.43,False,,,,,,,,,,,,,
06.14,S1,13,1,phase2,0614S1-13.CSV,SAN,tentative,True,,False,nitrile 2237 + aromatic,Dry Milk Powder,65.63,False,,,,,,,,,,,,,
06.14,S1,14,1,phase2,0614S1-14.CSV,polyolefin_unresolved,tentative,True,0.13989769166440408,False,"aliphatic CH, no clean PE/PP doublet; possible Si-O shoulder",ARC 1001 (cast),89.83,False,,,,,,,,,,,,,
06.14,S1,15,1,phase2,0614S1-15.CSV,mineral_or_unresolved,unresolved,False,,True,weak Si-O only; ambiguous C-O region,Oven Cleaner,63.04,False,,,,,,,,,,,,,
06.14,S1,16,1,phase2,0614S1-16.CSV,polyolefin_unresolved,tentative,True,0.1491928689052594,False,"aliphatic CH, no clean PE/PP doublet; possible Si-O shoulder",ARC 1001 (cast),90.24,False,,,,,,,,,,,,,
06.14,S1,2,1,phase2,0614S1-2.CSV,silicate,tentative,True,,False,"Si-O strong, no polymer backbone (sand/glass)",Reduced Fat Bisquick,92.86,False,unresolved,tentative,withheld,WH,"withheld by the R3 evidence floor - the rule did not decide; see gt_withheld_reason. Not a poor particle, and not a failure of Code 2",polyolefin_PE,unresolved,0.204,False,fluorescence(corr=1.00),True,instrument-internal Si shift (per-file); no post-hoc correction,False
06.14,S1,3,1,phase2,0614S1-3.CSV,polyolefin_PE,tentative,True,0.1085375099241679,True,CH2 backbone; 1472; 730/717 doublet; FT-IR cannot resolve PE/PP -> Raman,Duct tape (Back side),94.06,True,polyolefin_PE,tentative,rule,A,methods agree; one of the two is confident,polyolefin_PE,confident,0.842,False,ok,False,instrument-internal Si shift (per-file); no post-hoc correction,False
06.14,S1,4,1,phase2,0614S1-4.CSV,polyolefin_unresolved,tentative,True,0.1558068952499498,False,"aliphatic CH, no clean PE/PP doublet; possible Si-O shoulder",ARC 1001 (cast),89.26,False,,,,,,,,,,,,,
06.14,S1,5,1,phase2,0614S1-5.CSV,QC_low_contrast,unresolved,False,,False,weak/featureless mid-IR: thin film or poor ATR contact (not a pigment),2-(Trifluoromethyl)benzaldehyde chromium tricarbonyl,,False,unresolved,tentative,withheld,WH,"withheld by the R3 evidence floor - the rule did not decide; see gt_withheld_reason. Not a poor particle, and not a failure of Code 2",PVC,tentative,0.734,True,ok,False,instrument-internal Si shift (per-file); no post-hoc correction,False
06.14,S1,6,1,phase2,0614S1-6.CSV,polyolefin_PE,tentative,True,0.031636729714637185,False,CH2 backbone; 1472; 730/717 doublet; FT-IR cannot resolve PE/PP -> Raman,Duct tape (Back side),98.31,False,,,,,,,,,,,,,
06.14,S1,7,1,phase2,0614S1-7.CSV,polyolefin_unresolved,tentative,True,0.1070995067211126,False,"aliphatic CH, no clean PE/PP doublet; possible Si-O shoulder",ARC 1001 (cast),89.88,False,,,,,,,,,,,,,
06.14,S1,8,1,phase2,0614S1-8.CSV,silicate,tentative,True,,False,"Si-O strong, no polymer backbone (sand/glass)",Red Pepper Seed,77.03,False,,,,,,,,,,,,,
06.14,S1,9,1,phase2,0614S1-9.CSV,carbonate_calcite,tentative,True,,True,"carbonate 1420/875; polymorph provisionally split by 855, not verified by Raman",Peppermint Leaf,86.86,False,,,,,,,,,,,,,
06.21,S1,1,1,phase2,0621S1-1.CSV,mineral_or_unresolved,unresolved,False,,True,weak Si-O only; ambiguous C-O region,Wheat Gluten fluor,89.28,False,,,,,,,,,,,,,
06.21,S1,3,1,phase2,0621S1-3.CSV,QC_low_contrast,unresolved,False,,False,weak/featureless mid-IR: thin film or poor ATR contact (not a pigment),Phenyl isothiocyanate,57.68,False,,,,,,,,,,,,,
06.21,S1,4,1,phase2,0621S1-4.CSV,unresolved,unresolved,False,,False,no diagnostic band pattern,"1-PHENYL-2-(TRIMETHYLSILYL)ACETYLENE, 99%",82.95,False,,,,,,,,,,,,,
06.21,S1,5,1,phase2,0621S1-5.CSV,mineral_or_unresolved,unresolved,False,,False,weak Si-O only; ambiguous C-O region,"Fumaronitrile; (E)-1,2-Dicyanoethene",67.64,False,,,,,,,,,,,,,
06.21,S1,6,1,phase2,0621S1-6.CSV,SAN,tentative,True,,False,nitrile 2237 + aromatic,ATTAGEL 50,73.84,False,,,,,,,,,,,,,
06.21,S1,7,1,phase2,0621S1-7.CSV,mineral_or_unresolved,unresolved,False,,False,weak Si-O only; ambiguous C-O region,Antigorite,83.16,False,,,,,,,,,,,,,
06.21,S1,8,1,phase2,0621S1-8.CSV,mineral_or_unresolved,unresolved,False,,False,weak Si-O only; ambiguous C-O region,ALUMINA SILICATE #1,81.04,False,,,,,,,,,,,,,
06.21,S1,9,1,phase2,0621S1-9.CSV,mineral_or_unresolved,unresolved,False,,False,weak Si-O only; ambiguous C-O region,ALUMINA SILICATE #1,77.38,False,,,,,,,,,,,,,
06.26,S1,1,1,phase2,0626S1-1.CSV,polyolefin_PE,tentative,True,0.1885599959203335,False,CH2 backbone; 1472; 730/717 doublet; FT-IR cannot resolve PE/PP -> Raman,Duct tape (Back side),96.59,True,polyolefin_PE,tentative,rule,B,methods agree; neither is confident,polyolefin_PE,unresolved,0.052,False,ok,False,instrument-internal Si shift (per-file); no post-hoc correction,False
06.26,S1,10,1,phase2,0626S1-10.CSV,polyolefin_PE,tentative,True,0.10941643037014079,False,CH2 backbone; 1472; 730/717 doublet; FT-IR cannot resolve PE/PP -> Raman,Duct tape (Back side),97.74,True,polyolefin_PE,tentative,rule,A,methods agree; one of the two is confident,polyolefin_PE,confident,0.962,False,ok,False,instrument-internal Si shift (per-file); no post-hoc correction,False
06.26,S1,11,1,phase2,0626S1-11.CSV,polyolefin_PP,confident,True,0.07183290644011045,True,CH3 backbone; 1375; 998/973/840,"Polypropylene, isotactic",78.46,True,polyolefin_PP,confident,rule,A+,both methods confident and in agreement,polyolefin_PP,confident,0.926,False,ok,False,instrument-internal Si shift (per-file); no post-hoc correction,False
06.26,S1,12,1,phase2,0626S1-12.CSV,polyolefin_PE,tentative,True,0.04038701181448272,False,CH2 backbone; 1472; 730/717 doublet; FT-IR cannot resolve PE/PP -> Raman,Duct tape (Back side),97.8,True,polyolefin_PE,tentative,rule,C,methods disagree; both classes exist in the reference library,natural_organic,unresolved,0.373,False,saturated(flat-top 10pt x 2),True,instrument-internal Si shift (per-file); no post-hoc correction,False
06.26,S1,2,1,phase2,0626S1-2.CSV,polyolefin_PE,tentative,True,0.15890731543996242,False,CH2 backbone; 1472; 730/717 doublet; FT-IR cannot resolve PE/PP -> Raman,Duct tape (Back side),96.91,True,polyolefin_PE,tentative,rule,A,methods agree; one of the two is confident,polyolefin_PE,confident,0.936,False,ok,False,instrument-internal Si shift (per-file); no post-hoc correction,False
06.26,S1,3,1,phase2,0626S1-3.CSV,polyolefin_PP,confident,True,0.13430177315542832,True,CH3 backbone; 1375; 998/973/840,"Polypropylene, isotactic, average MW ca. 250,000",77.46,True,polyolefin_PP,confident,rule,A+,both methods confident and in agreement,polyolefin_PP,confident,0.968,False,ok,False,instrument-internal Si shift (per-file); no post-hoc correction,False
06.26,S1,4,1,phase2,0626S1-4.CSV,polyolefin_PE,tentative,True,0.09495544106878503,False,CH2 backbone; 1472; 730/717 doublet; FT-IR cannot resolve PE/PP -> Raman,Duct tape (Back side),96.8,True,polyolefin_PE,confident,rule,A+,both methods confident and in agreement,polyolefin_PE,confident,0.802,False,ok,False,instrument-internal Si shift (per-file); no post-hoc correction,False
06.26,S1,5,1,phase2,0626S1-5.CSV,polyolefin_PE,tentative,True,0.088152432121313,False,CH2 backbone; 1472; 730/717 doublet; FT-IR cannot resolve PE/PP -> Raman,Duct tape (Back side),97.18,False,,,,,,,,,,,,,
06.26,S1,6,1,phase2,0626S1-6.CSV,polyolefin_PP,confident,True,0.16721856138839786,True,CH3 backbone; 1375; 998/973/840,CASTROL Syntilo RHS,65.74,False,unresolved,unresolved,withheld,WH,"withheld by the R3 evidence floor - the rule did not decide; see gt_withheld_reason. Not a poor particle, and not a failure of Code 2",polyester_PET,unresolved,0.212,True,ok,False,instrument-internal Si shift (per-file); no post-hoc correction,False
06.26,S1,7,1,phase2,0626S1-7.CSV,polyolefin_PE,tentative,True,0.06871082648456205,False,CH2 backbone; 1472; 730/717 doublet; FT-IR cannot resolve PE/PP -> Raman,Duct tape (Back side),95.81,True,polyolefin_PE,tentative,rule,B,methods agree; neither is confident,polyolefin_PE,unresolved,-0.009,False,ok,False,instrument-internal Si shift (per-file); no post-hoc correction,False
06.26,S1,8,1,phase2,0626S1-8.CSV,polyolefin_PE,tentative,True,0.2581017845959417,True,CH2 backbone; 1472; 730/717 doublet; FT-IR cannot resolve PE/PP -> Raman,Duct tape (Back side),97.12,False,unresolved,unresolved,withheld,WH,"withheld by the R3 evidence floor - the rule did not decide; see gt_withheld_reason. Not a poor particle, and not a failure of Code 2",polyolefin_PE,tentative,0.746,True,ok,False,instrument-internal Si shift (per-file); no post-hoc correction,False
06.26,S1,9,1,phase2,0626S1-9.CSV,polyolefin_unresolved,tentative,True,0.06354282337628936,True,"aliphatic CH, no clean PE/PP doublet; possible Si-O shoulder",Duct tape (Back side),96.88,True,polyolefin_PE,tentative,rule,A,methods agree; one of the two is confident,polyolefin_PE,confident,0.932,False,ok,False,instrument-internal Si shift (per-file); no post-hoc correction,False
06.28,S1,1,1,phase2,0628S1-1.CSV,polyolefin_PE,tentative,True,0.0617896263882506,True,CH2 backbone; 1472; 730/717 doublet; FT-IR cannot resolve PE/PP -> Raman,Blue Spruce,71.04,True,polyolefin_PE,tentative,rule,B,methods agree; neither is confident,polyolefin_PE,unresolved,0.095,False,fluorescence(corr=0.98),True,instrument-internal Si shift (per-file); no post-hoc correction,False
06.28,S1,2,1,phase2,0628S1-2.CSV,silicate,tentative,True,,False,"Si-O strong, no polymer backbone (sand/glass)",Enfamil Lactose-free,81.3,False,,,,,,,,,,,,,
06.28,S1,3,1,phase2,0628S1-3.CSV,nylon_PA,confident,True,,False,N-H 3300 + amide I/II,Nylon 6,94.5,False,,,,,,,,,,,,,
06.28,S1,4,1,phase2,0628S1-4.CSV,polyolefin_unresolved,tentative,True,0.10363845060504022,False,"aliphatic CH, no clean PE/PP doublet; possible Si-O shoulder",ARC 1001 (cast),92.41,True,polyolefin_PP,confident,rule,A+,both methods confident and in agreement,polyolefin_PP,confident,0.969,False,ok,False,instrument-internal Si shift (per-file); no post-hoc correction,False
06.28,S1,5,1,phase2,0628S1-5.CSV,polyolefin_PE,tentative,True,0.19314063368282805,False,CH2 backbone; 1472; 730/717 doublet; FT-IR cannot resolve PE/PP -> Raman,Duct tape (Back side),90.36,True,polyolefin_PE,confident,rule,A+,both methods confident and in agreement,polyolefin_PE,confident,0.936,False,ok,False,instrument-internal Si shift (per-file); no post-hoc correction,False
06.28,S1,6,1,phase2,0628S1-6.CSV,polyolefin_PP,confident,True,0.04172611346812357,True,CH3 backbone; 1375; 998/973/840,POLYPROPYLENE #2,80.18,False,,,,,,,,,,,,,
06.28,S1,7,1,phase2,0628S1-7.CSV,silicate,tentative,True,,False,"Si-O strong, no polymer backbone (sand/glass)",Modified starch - quaternary ammonium hydroxyethyl starch et,77.78,False,,,,,,,,,,,,,
06.28,S1,8,1,phase2,0628S1-8.CSV,silicate,tentative,True,,False,"Si-O strong, no polymer backbone (sand/glass)",Starch,79.87,False,,,,,,,,,,,,,
07.11,S1,1,1,heldout_july,0711S1-1.CSV,polyolefin_PE,tentative,True,0.06519593360813598,False,CH2 backbone; 1472; 730/717 doublet; FT-IR cannot resolve PE/PP -> Raman,Duct tape (Back side),97.04,True,polyolefin_PE,tentative,rule,A,methods agree; one of the two is confident,polyolefin_PE,confident,0.95,False,ok,False,instrument-internal Si shift (per-file); no post-hoc correction,False
07.11,S1,2,1,heldout_july,0711S1-2.CSV,polyolefin_PE,tentative,True,0.07313851079257867,True,CH2 backbone; 1472; 730/717 doublet; FT-IR cannot resolve PE/PP -> Raman,Duct tape (Back side),86.88,False,unresolved,unresolved,withheld,WH,"withheld by the R3 evidence floor - the rule did not decide; see gt_withheld_reason. Not a poor particle, and not a failure of Code 2",polyolefin_PE,unresolved,0.061,False,fluorescence(corr=0.93),True,instrument-internal Si shift (per-file); no post-hoc correction,False
07.11,S1,3,1,heldout_july,0711S1-3.CSV,polyolefin_PE,tentative,True,0.1350551519266366,False,CH2 backbone; 1472; 730/717 doublet; FT-IR cannot resolve PE/PP -> Raman,Duct tape (Back side),97.52,True,polyolefin_PE,tentative,rule,A,methods agree; one of the two is confident,polyolefin_PE,confident,0.955,False,ok,False,instrument-internal Si shift (per-file); no post-hoc correction,False
07.12,S1,1,1,heldout_july,0712S1-1.CSV,polyolefin_PE,tentative,True,0.05145053137439716,True,CH2 backbone; 1472; 730/717 doublet; FT-IR cannot resolve PE/PP -> Raman,Duct tape (Back side),97.37,True,polyolefin_PE,tentative,rule,A,methods agree; one of the two is confident,polyolefin_PE,confident,0.945,False,ok,False,instrument-internal Si shift (per-file); no post-hoc correction,False
07.12,S1,10,1,heldout_july,0712S1-10.CSV,polyolefin_PE,tentative,True,0.42691679869025684,True,"CH2 backbone; 1472; 730/717 doublet; FT-IR cannot resolve PE/PP -> Raman; oxidised (CI 0.43) - doublet complete, not withheld",Duct tape (Back side),94.28,True,polyolefin_PE,tentative,rule,A,methods agree; one of the two is confident,polyolefin_PE,confident,0.961,False,at-ceiling(1pt),False,instrument-internal Si shift (per-file); no post-hoc correction,False
07.12,S1,11,1,heldout_july,0712S1-11.CSV,polyolefin_PE,tentative,True,0.23018678274440982,True,CH2 backbone; 1472; 730/717 doublet; FT-IR cannot resolve PE/PP -> Raman,Duct tape (Back side),88.24,False,unresolved,unresolved,withheld,WH,"withheld by the R3 evidence floor - the rule did not decide; see gt_withheld_reason. Not a poor particle, and not a failure of Code 2",polyolefin_PE,unresolved,0.214,True,saturated(flat-top 764pt x 1); flat-segment(1000-2000),True,instrument-internal Si shift (per-file); no post-hoc correction,False
07.12,S1,12,1,heldout_july,0712S1-12.CSV,polyolefin_PP,confident,True,0.18024498734933964,True,CH3 backbone; 1375; 998/973/840,"Polypropylene, isotactic, average MW ca. 250,000",81.03,True,polyolefin_PP,confident,rule,A+,both methods confident and in agreement,polyolefin_PP,confident,0.96,False,ok,False,instrument-internal Si shift (per-file); no post-hoc correction,False
07.12,S1,13,1,heldout_july,0712S1-13.CSV,PVDF,confident,True,,True,C-F 1402/1180/876,Spearmint Altoid,67.5,True,polyolefin_PP,tentative,rule,C,methods disagree; both classes exist in the reference library,natural_organic,unresolved,0.296,False,saturated(flat-top 707pt x 1),True,instrument-internal Si shift (per-file); no post-hoc correction,False
07.12,S1,2,1,heldout_july,0712S1-2.CSV,polyolefin_PP,confident,True,0.12394746828993271,True,CH3 backbone; 1375; 998/973/840,Polypropylene + 20% talc,74.4,True,polyolefin_PP,tentative,rule,B,methods agree; neither is confident,polyolefin_PP,unresolved,0.112,False,ok,False,instrument-internal Si shift (per-file); no post-hoc correction,False
07.12,S1,3,1,heldout_july,0712S1-3.CSV,polyolefin_PE,tentative,True,0.05537769844772455,True,CH2 backbone; 1472; 730/717 doublet; FT-IR cannot resolve PE/PP -> Raman,Duct tape (Back side),97.57,True,polyolefin_PP,tentative,rule,C,methods disagree; both classes exist in the reference library,polyolefin_PE,unresolved,0.444,False,ok,False,instrument-internal Si shift (per-file); no post-hoc correction,False
07.12,S1,4,1,heldout_july,0712S1-4.CSV,QC_low_contrast,unresolved,False,,False,weak/featureless mid-IR: thin film or poor ATR contact (not a pigment),Ethyl ethynyl ether; Ethoxyacetylene,66.44,False,,,,,,,,,,,,,
07.12,S1,5,1,heldout_july,0712S1-5.CSV,polyolefin_PE,tentative,True,0.2004079733663068,True,CH2 backbone; 1472; 730/717 doublet; FT-IR cannot resolve PE/PP -> Raman,Duct tape (Back side),95.99,False,,,,,,,,,,,,,
07.12,S1,6,1,heldout_july,0712S1-6.CSV,polyolefin_unresolved,tentative,True,0.18760213370022225,True,"aliphatic CH, no clean PE/PP doublet; possible Si-O shoulder",Duct tape (Back side),97.85,True,polyolefin_PE,tentative,rule,B,methods agree; neither is confident,polyolefin_PE,unresolved,0.544,False,ok,False,instrument-internal Si shift (per-file); no post-hoc correction,False
07.12,S1,7,1,heldout_july,0712S1-7.CSV,silicate,tentative,True,,False,"Si-O strong, no polymer backbone (sand/glass)",Hoover 512-BU,61.89,False,,,,,,,,,,,,,
07.12,S1,8,1,heldout_july,0712S1-8.CSV,polyolefin_PP,confident,True,0.1474840794283469,True,CH3 backbone; 1375; 998/973/840,Polypropylene +poly(ethylene:propylene),78.05,False,,,,,,,,,,,,,
07.12,S1,9,1,heldout_july,0712S1-9.CSV,polyolefin_PE,tentative,True,0.1662244377825362,True,CH2 backbone; 1472; 730/717 doublet; FT-IR cannot resolve PE/PP -> Raman,Duct tape (Back side),95.44,False,,,,,,,,,,,,,
07.25,S1,1,1,heldout_july,0725S1-1.CSV,SAN,tentative,True,,False,nitrile 2237 + aromatic,White Play Sand,83.5,False,unresolved,unresolved,withheld,WH,"withheld by the R3 evidence floor - the rule did not decide; see gt_withheld_reason. Not a poor particle, and not a failure of Code 2",polyolefin_PE,unresolved,0.074,True,ok,False,instrument-internal Si shift (per-file); no post-hoc correction,False
07.25,S1,10,1,heldout_july,0725S1-10.CSV,polyolefin_PE,tentative,True,0.13394372627779763,True,CH2 backbone; 1472; 730/717 doublet; FT-IR cannot resolve PE/PP -> Raman,Duct tape (Back side),93.49,True,polyolefin_PP,tentative,rule,C,methods disagree; both classes exist in the reference library,polyolefin_PE,tentative,0.874,False,ok,False,instrument-internal Si shift (per-file); no post-hoc correction,False
07.25,S1,11,1,heldout_july,0725S1-11.CSV,QC_low_contrast,unresolved,False,,False,weak/featureless mid-IR: thin film or poor ATR contact (not a pigment),"AMMONIUM-D4 THIOCYANATE, 99 ATOM % D",65.07,False,unresolved,tentative,withheld,WH,"withheld by the R3 evidence floor - the rule did not decide; see gt_withheld_reason. Not a poor particle, and not a failure of Code 2",polystyrene,tentative,0.737,True,ok,False,instrument-internal Si shift (per-file); no post-hoc correction,False
07.25,S1,12,1,heldout_july,0725S1-12.CSV,QC_low_contrast,unresolved,False,,False,weak/featureless mid-IR: thin film or poor ATR contact (not a pigment),"SODIUM DICYANAMIDE, 96%",50.47,False,unresolved,tentative,withheld,WH,"withheld by the R3 evidence floor - the rule did not decide; see gt_withheld_reason. Not a poor particle, and not a failure of Code 2",polyolefin_PE,tentative,0.762,True,ok,False,instrument-internal Si shift (per-file); no post-hoc correction,False
07.25,S1,13,1,heldout_july,0725S1-13.CSV,silicate,tentative,True,,False,"Si-O strong, no polymer backbone (sand/glass)",Dry Milk Powder,62.12,False,unresolved,unresolved,withheld,WH,"withheld by the R3 evidence floor - the rule did not decide; see gt_withheld_reason. Not a poor particle, and not a failure of Code 2",PVC,unresolved,0.168,True,fluorescence(corr=0.98),True,instrument-internal Si shift (per-file); no post-hoc correction,False
07.25,S1,14,1,heldout_july,0725S1-14.CSV,carbonate_calcite,tentative,True,,False,"carbonate 1420/875; polymorph provisionally split by 855, not verified by Raman",Plotter paper / glossy,86.45,False,unresolved,unresolved,withheld,WH,"withheld by the R3 evidence floor - the rule did not decide; see gt_withheld_reason. Not a poor particle, and not a failure of Code 2",polyolefin_PE,unresolved,0.144,True,saturated(flat-top 382pt x 2),True,instrument-internal Si shift (per-file); no post-hoc correction,False
07.25,S1,2,1,heldout_july,0725S1-2.CSV,polyolefin_unresolved,tentative,True,0.054532209963427024,True,"aliphatic CH, no clean PE/PP doublet; possible Si-O shoulder",Duct tape (Back side),94.54,True,polyolefin_PE,confident,rule,A+,both methods confident and in agreement,polyolefin_PE,confident,0.973,False,Center=0 artifact(corr=-0.93),False,instrument-internal Si shift (per-file); no post-hoc correction,False
07.25,S1,3,1,heldout_july,0725S1-3.CSV,polyolefin_PE,tentative,True,0.08486770476216592,True,CH2 backbone; 1472; 730/717 doublet; FT-IR cannot resolve PE/PP -> Raman,Duct tape (Back side),88.05,True,polyolefin_PE,tentative,rule,B,methods agree; neither is confident,polyolefin_PE,tentative,0.846,False,ok,False,instrument-internal Si shift (per-file); no post-hoc correction,False
07.25,S1,4,1,heldout_july,0725S1-4.CSV,polyolefin_PE,tentative,True,0.27319397638715776,False,CH2 backbone; 1472; 730/717 doublet; FT-IR cannot resolve PE/PP -> Raman,Duct tape (Back side),97.79,True,polyolefin_PE,tentative,rule,A,methods agree; one of the two is confident,polyolefin_PE,confident,0.984,False,ok,False,instrument-internal Si shift (per-file); no post-hoc correction,False
07.25,S1,5,1,heldout_july,0725S1-5.CSV,carbonate_calcite,tentative,True,,True,"carbonate 1420/875; polymorph provisionally split by 855, not verified by Raman",ALS-AR100,74.68,False,unresolved,unresolved,withheld,WH,"withheld by the R3 evidence floor - the rule did not decide; see gt_withheld_reason. Not a poor particle, and not a failure of Code 2",PVC,unresolved,0.581,True,ok,False,instrument-internal Si shift (per-file); no post-hoc correction,False
07.25,S1,6,1,heldout_july,0725S1-6.CSV,mineral_or_unresolved,unresolved,False,,True,weak Si-O only; ambiguous C-O region,Polyester (41% soybean oil modified phthalic alkyd),80.23,False,unresolved,tentative,withheld,WH,"withheld by the R3 evidence floor - the rule did not decide; see gt_withheld_reason. Not a poor particle, and not a failure of Code 2",polystyrene,tentative,0.746,True,ok,False,instrument-internal Si shift (per-file); no post-hoc correction,False
07.25,S1,7,1,heldout_july,0725S1-7.CSV,mineral_or_unresolved,unresolved,False,,False,weak Si-O only; ambiguous C-O region,Styrofoam,73.62,True,polystyrene,confident,rule,A,methods agree; one of the two is confident,polystyrene,tentative,0.732,False,ok,False,instrument-internal Si shift (per-file); no post-hoc correction,False
07.25,S1,8,1,heldout_july,0725S1-8.CSV,polyolefin_PP,confident,True,0.16179382696340994,False,CH3 backbone; 1375; 998/973/840,"Polypropylene, isotactic",86.86,True,polyolefin_PP,confident,rule,A+,both methods confident and in agreement,polyolefin_PP,confident,0.963,False,ok,False,instrument-internal Si shift (per-file); no post-hoc correction,False
07.25,S1,9,1,heldout_july,0725S1-9.CSV,unresolved,unresolved,False,,False,no diagnostic band pattern,Iron pentacarbonyl,39.25,True,polyolefin_PE,tentative,rule,C,methods disagree; both classes exist in the reference library,natural_organic,unresolved,0.137,False,ok,False,instrument-internal Si shift (per-file); no post-hoc correction,False
