date,station,particle,replicate,file,phase,batch,raman_gt,raman_conf,gt_source,support_level,withheld,tie_break,B_label,B_r,spec_class,omnic_name,hqi,openspecy_name,openspecy_match_val,ml_name,ml_prob,simple_name,simple_score,confidence,carbonyl_index,openspecy_material_class,openspecy_plastic,openspecy_top3,openspecy_status,ml_status
05.17,S1,1,1,0517S1_1.CSV,phase1,train,polyolefin_PE,confident,rule,A+,False,False,polyolefin_PE,0.981,polyolefin_PE,Duct tape (Back side),94.05,pe,0.89781637752485,poly(ethylene),0.994721045748674,polyethylene_high_density,0.960123905182643,tentative,0.0849517232404695,poly(ethylene),plastic,pe (0.90) | pe (0.90) | pe (0.90),hit,hit
06.07,S1,12,1,0607S1-12.CSV,phase2,train,polyolefin_PE,tentative,rule,A,False,False,polyolefin_PE,0.972,polyolefin_PE,Duct tape (Back side),98.97,hdpe,0.907084117862584,poly(ethylene),0.957895711024661,polyethylene_high_density,0.996125676518961,tentative,0.0442708881487769,poly(ethylene),plastic,hdpe (0.91) | pe (0.91) | ldpe (0.91),hit,hit
06.07,S1,5,1,0607S1-5.CSV,phase2,train,polyolefin_PP,confident,rule,A+,False,False,polyolefin_PP,0.956,polyolefin_PP,Polypropylene isotactic,94.63,pp,0.841494866071873,poly(propylene),0.920991233503006,polypropylene,0.992873825582331,confident,0.0889213093263189,poly(propylene),plastic,pp (0.84) | pp (0.84) | pp (0.84),hit,hit
06.14,S1,1,1,0614S1-1.CSV,phase2,train,polyolefin_PP,confident,rule,A+,False,False,polyolefin_PP,0.972,polyolefin_PP,"Polypropylene, isotactic",93.61,pp,0.847501901637962,poly(propylene),0.910677243213279,polypropylene,0.974800221432039,confident,0.1066083602322767,poly(propylene),plastic,pp (0.85) | pp (0.85) | pp (0.85),hit,hit
06.14,S1,3,1,0614S1-3.CSV,phase2,train,polyolefin_PE,tentative,rule,A,False,False,polyolefin_PE,0.842,polyolefin_PE,Duct tape (Back side),94.06,eps,0.878948681368608,poly(ethylene),0.969386802993457,polyethylene_high_density,0.904334182813306,tentative,0.1085375099241679,"polystyrenes (polyphenylethylenes, -methylstyrene)",plastic,eps (0.88) | pe (0.88) | pe (0.88),hit,hit
06.26,S1,1,1,0626S1-1.CSV,phase2,train,polyolefin_PE,tentative,rule,B,False,False,polyolefin_PE,0.052,polyolefin_PE,Duct tape (Back side),96.59,hdpe,0.888062578412228,poly(ethylene),0.978839203015543,polyethylene_high_density,0.969988632669877,tentative,0.1885599959203335,poly(ethylene),plastic,hdpe (0.89) | hdpe (0.89) | hdpe (0.89),hit,hit
06.26,S1,10,1,0626S1-10.CSV,phase2,train,polyolefin_PE,tentative,rule,A,False,False,polyolefin_PE,0.962,polyolefin_PE,Duct tape (Back side),97.74,pe,0.895392104037626,poly(ethylene),0.950534315321052,polyethylene_high_density,0.98782955899847,tentative,0.1094164303701407,poly(ethylene),plastic,pe (0.90) | pe (0.89) | pe (0.89),hit,hit
06.26,S1,11,1,0626S1-11.CSV,phase2,train,polyolefin_PP,confident,rule,A+,False,False,polyolefin_PP,0.926,polyolefin_PP,"Polypropylene, isotactic",78.46,pp,0.796683614388199,poly(propylene),0.835796200328714,polypropylene,0.802637974878746,confident,0.0718329064401104,poly(propylene),plastic,pp (0.80) | eps (0.79) | pe (0.79),hit,hit
06.26,S1,12,1,0626S1-12.CSV,phase2,train,polyolefin_PE,tentative,rule,C,False,False,natural_organic,0.373,polyolefin_PE,Duct tape (Back side),97.8,pe,0.894479079587576,poly(ethylene),0.964998850278041,polyethylene_high_density,0.976572810515136,tentative,0.0403870118144827,poly(ethylene),plastic,pe (0.89) | pe (0.89) | pe (0.89),hit,hit
06.26,S1,2,1,0626S1-2.CSV,phase2,train,polyolefin_PE,tentative,rule,A,False,False,polyolefin_PE,0.936,polyolefin_PE,Duct tape (Back side),96.91,hdpe,0.890741751559012,poly(ethylene),0.971077199135137,polyethylene_high_density,0.978135323228641,tentative,0.1589073154399624,poly(ethylene),plastic,hdpe (0.89) | ldpe (0.89) | hdpe (0.89),hit,hit
06.26,S1,3,1,0626S1-3.CSV,phase2,train,polyolefin_PP,confident,rule,A+,False,False,polyolefin_PP,0.968,polyolefin_PP,"Polypropylene, isotactic, average MW ca. 250,000",77.46,(04) pp,0.72368588486701,poly(propylene),0.872096672906627,polypropylene,0.843715031914287,confident,0.1343017731554283,poly(propylene),plastic,(04) pp (0.72) | pe (0.72) | eps (0.71),hit,hit
06.26,S1,4,1,0626S1-4.CSV,phase2,train,polyolefin_PE,confident,rule,A+,False,False,polyolefin_PE,0.802,polyolefin_PE,Duct tape (Back side),96.8,pe,0.884320501992424,poly(ethylene),0.979366489676188,polyethylene_high_density,0.971981671730221,tentative,0.094955441068785,poly(ethylene),plastic,pe (0.88) | pe (0.88) | pe (0.88),hit,hit
06.26,S1,7,1,0626S1-7.CSV,phase2,train,polyolefin_PE,tentative,rule,B,False,False,polyolefin_PE,-0.009,polyolefin_PE,Duct tape (Back side),95.81,pe,0.89114067605926,poly(ethylene),0.992013863604455,polyethylene_high_density,0.965570861769344,tentative,0.068710826484562,poly(ethylene),plastic,pe (0.89) | pe (0.89) | pe (0.89),hit,hit
06.26,S1,9,1,0626S1-9.CSV,phase2,train,polyolefin_PE,tentative,rule,A,False,False,polyolefin_PE,0.932,polyolefin_unresolved,Duct tape (Back side),96.88,pe,0.880758737857883,poly(ethylene),0.947148710857879,polyethylene_high_density,0.964421967888831,tentative,0.0635428233762893,poly(ethylene),plastic,pe (0.88) | pe (0.88) | pe (0.88),hit,hit
06.28,S1,1,1,0628S1-1.CSV,phase2,train,polyolefin_PE,tentative,rule,B,False,False,polyolefin_PE,0.095,polyolefin_PE,Blue Spruce,71.04,pe 30. black fragment,0.724418847578191,poly(ethylene),0.810336417153803,algae_fucus_serratus,0.706214728691247,tentative,0.0617896263882506,poly(ethylene),plastic,pe 30. black fragment (0.72) | (05) ps (0.71) | (05) ps (0.71),hit,hit
06.28,S1,4,1,0628S1-4.CSV,phase2,train,polyolefin_PP,confident,rule,A+,False,False,polyolefin_PP,0.969,polyolefin_unresolved,ARC 1001 (cast),92.41,pe 46. pink fragment,0.708758164555596,poly(ethylene),0.856002950231621,polyamide_66,0.738698879331478,tentative,0.1036384506050402,poly(ethylene),plastic,pe 46. pink fragment (0.71) | polyethylene (0.70) | polyethylene (0.67),hit,hit
06.28,S1,5,1,0628S1-5.CSV,phase2,train,polyolefin_PE,confident,rule,A+,False,False,polyolefin_PE,0.936,polyolefin_PE,Duct tape (Back side),90.36,ldpe,0.839261668310029,poly(ethylene),0.873719375827279,polyethylene_high_density,0.92305841888064,tentative,0.193140633682828,poly(ethylene),plastic,ldpe (0.84) | pe (0.84) | pe (0.84),hit,hit
07.11,S1,1,1,0711S1-1.CSV,heldout_july,heldout_1,polyolefin_PE,tentative,rule,A,False,False,polyolefin_PE,0.95,polyolefin_PE,Duct tape (Back side),97.04,pe,0.863124071977299,poly(ethylene),0.919410224099479,polyethylene_high_density,0.940120071687473,tentative,0.0651959336081359,poly(ethylene),plastic,pe (0.86) | pe (0.86) | pe (0.86),hit,hit
07.11,S1,3,1,0711S1-3.CSV,heldout_july,heldout_1,polyolefin_PE,tentative,rule,A,False,False,polyolefin_PE,0.955,polyolefin_PE,Duct tape (Back side),97.52,pe,0.872346398837488,poly(ethylene),0.924634509577686,polyethylene_high_density,0.957747179376622,tentative,0.1350551519266366,poly(ethylene),plastic,pe (0.87) | hdpe.2 (0.87) | pe (0.87),hit,hit
07.12,S1,1,1,0712S1-1.CSV,heldout_july,heldout_1,polyolefin_PE,tentative,rule,A,False,False,polyolefin_PE,0.945,polyolefin_PE,Duct tape (Back side),97.37,eps,0.876098800519401,poly(ethylene),0.900156165347574,polyethylene_high_density,0.957961943600725,tentative,0.0514505313743971,"polystyrenes (polyphenylethylenes, -methylstyrene)",plastic,eps (0.88) | eps (0.88) | pe (0.88),hit,hit
07.12,S1,10,1,0712S1-10.CSV,heldout_july,heldout_1,polyolefin_PE,tentative,rule,A,False,False,polyolefin_PE,0.961,polyolefin_PE,Duct tape (Back side),94.28,pp,0.85407539634426,poly(ethylene),0.82244180260694,polyethylene_low_density,0.926483943041589,tentative,0.4269167986902568,poly(propylene),plastic,pp (0.85) | pp (0.85) | pp (0.85),hit,hit
07.12,S1,12,1,0712S1-12.CSV,heldout_july,heldout_1,polyolefin_PP,confident,rule,A+,False,False,polyolefin_PP,0.96,polyolefin_PP,"Polypropylene, isotactic, average MW ca. 250,000",81.03,pe,0.686700514740024,poly(propylene),0.811777300754895,polypropylene,0.808890143091446,confident,0.1802449873493396,poly(ethylene),plastic,pe (0.69) | pe (0.69) | pe (0.68),below_threshold,hit
07.12,S1,13,1,0712S1-13.CSV,heldout_july,heldout_1,polyolefin_PP,tentative,rule,C,False,False,natural_organic,0.296,PVDF,Spearmint Altoid,67.5,levyne-na,0.606680314014826,poly(esters/ethers/diglycidylethers/terephthalates)s,0.966183209713089,algae_fucus_serratus,0.575377230157677,confident,,mineral,not plastic,levyne-na (0.61) | levynena__r060021-1__infrared__infrared_data_processed__817 (0.61) | hastingsite__r070124-1__infrared__infrared_data_processed__1043 (0.60),below_threshold,hit
07.12,S1,2,1,0712S1-2.CSV,heldout_july,heldout_1,polyolefin_PP,tentative,rule,B,False,False,polyolefin_PP,0.112,polyolefin_PP,Polypropylene + 20% talc,74.4,pe,0.7283518000777,ethylene-vinyl acetate,0.391824579504349,polypropylene,0.700565629715635,confident,0.1239474682899327,poly(ethylene),plastic,pe (0.73) | pe (0.73) | pe (0.73),hit,hit
07.12,S1,3,1,0712S1-3.CSV,heldout_july,heldout_1,polyolefin_PP,tentative,rule,C,False,False,polyolefin_PE,0.444,polyolefin_PE,Duct tape (Back side),97.57,pe,0.863157266492376,poly(ethylene),0.873038748564213,polyethylene_high_density,0.942304764032526,tentative,0.0553776984477245,poly(ethylene),plastic,pe (0.86) | pe (0.86) | eps (0.86),hit,hit
07.12,S1,6,1,0712S1-6.CSV,heldout_july,heldout_1,polyolefin_PE,tentative,rule,B,False,False,polyolefin_PE,0.544,polyolefin_unresolved,Duct tape (Back side),97.85,eps,0.871538892909331,poly(ethylene),0.857785482230078,polyethylene_high_density,0.958763778876126,tentative,0.1876021337002222,"polystyrenes (polyphenylethylenes, -methylstyrene)",plastic,eps (0.87) | pe (0.87) | eps (0.87),hit,hit
07.25,S1,10,1,0725S1-10.CSV,heldout_july,heldout_2,polyolefin_PP,tentative,rule,C,False,False,polyolefin_PE,0.874,polyolefin_PE,Duct tape (Back side),93.49,hdpe,0.874806461932365,poly(ethylene),0.960013674560794,polyethylene_high_density,0.946394912374704,tentative,0.1339437262777976,poly(ethylene),plastic,hdpe (0.87) | hdpe (0.87) | ldpe (0.87),hit,hit
07.25,S1,2,1,0725S1-2.CSV,heldout_july,heldout_2,polyolefin_PE,confident,rule,A+,False,False,polyolefin_PE,0.973,polyolefin_unresolved,Duct tape (Back side),94.54,pe,0.869863445898367,poly(ethylene),0.951985472576891,polyethylene_high_density,0.895804118965184,tentative,0.054532209963427,poly(ethylene),plastic,pe (0.87) | pe (0.87) | pe (0.87),hit,hit
07.25,S1,3,1,0725S1-3.CSV,heldout_july,heldout_2,polyolefin_PE,tentative,rule,B,False,False,polyolefin_PE,0.846,polyolefin_PE,Duct tape (Back side),88.05,pe,0.81585143921613,poly(ethylene),0.977296155224324,polyethylene_foamed,0.829102261653442,tentative,0.0848677047621659,poly(ethylene),plastic,pe (0.82) | pe (0.81) | pp (0.81),hit,hit
07.25,S1,4,1,0725S1-4.CSV,heldout_july,heldout_2,polyolefin_PE,tentative,rule,A,False,False,polyolefin_PE,0.984,polyolefin_PE,Duct tape (Back side),97.79,hdpe,0.894554308994311,poly(ethylene),0.926482449805524,polyethylene_high_density,0.988574666105867,tentative,0.2731939763871577,poly(ethylene),plastic,hdpe (0.89) | ldpe (0.89) | ldpe (0.89),hit,hit
07.25,S1,7,1,0725S1-7.CSV,heldout_july,heldout_2,polystyrene,confident,rule,A,False,False,polystyrene,0.732,mineral_or_unresolved,Styrofoam,73.62,ps,0.805749758730076,"polystyrenes (polyphenylethylenes, -methylstyrene)",0.665684721548728,polystyrene,0.859309457539768,unresolved,,"polystyrenes (polyphenylethylenes, -methylstyrene)",plastic,ps (0.81) | pp (0.79) | pp (0.78),hit,hit
07.25,S1,8,1,0725S1-8.CSV,heldout_july,heldout_2,polyolefin_PP,confident,rule,A+,False,False,polyolefin_PP,0.963,polyolefin_PP,"Polypropylene, isotactic",86.86,pp,0.716746680407257,poly(propylene),0.8422076209275,polypropylene,0.864068634838484,confident,0.1617938269634099,poly(propylene),plastic,pp (0.72) | pp (0.72) | pp (0.72),hit,hit
07.25,S1,9,1,0725S1-9.CSV,heldout_july,heldout_2,polyolefin_PE,tentative,rule,C,False,False,natural_organic,0.137,unresolved,Iron pentacarbonyl,39.25,abs,0.522212442489644,poly(acrylamide/amid)s,0.235265587929595,resin_dispersion,0.194098668976152,unresolved,,acrylonitrile butadiene styrene (abs),plastic,abs (0.52) | 1_2_polybutadiene (0.50) | abs (0.50),below_threshold,below_threshold
06.07,S1,6,1,0607S1-6.CSV,phase2,train,unresolved,unresolved,withheld,WH,True,True,polyolefin_PE,0.389,silicate,Deep Rose blush,83.61,allanitece__r050043-1__infrared__infrared_data_processed__1233,0.748400985548427,mineral,0.394418253957657,hydroxypropyl_cellulose,0.685152872478586,tentative,,mineral,not plastic,allanitece__r050043-1__infrared__infrared_data_processed__1233 (0.75) | allanite-(ce) (0.75) | fluorophlogopite (0.74),hit,hit
06.14,S1,2,1,0614S1-2.CSV,phase2,train,unresolved,tentative,withheld,WH,True,False,polyolefin_PE,0.204,silicate,Reduced Fat Bisquick,92.86,starch,0.748120714953999,poly(propylene),0.218461620098029,algae_fucus_serratus,0.715052063197117,tentative,,mineral,not plastic,starch (0.75) | dextrose anhydrous (lot #30k0208) (0.67) | pe (0.67),hit,below_threshold
06.14,S1,5,1,0614S1-5.CSV,phase2,train,unresolved,tentative,withheld,WH,True,True,PVC,0.734,QC_low_contrast,2-(Trifluoromethyl)benzaldehyde chromium tricarbonyl,,pur,0.35890826915276,ethylene-vinyl acetate,0.511333451913139,polytetrafluoroethylene,0.100312952260231,unresolved,,polyurethanes (isocyanates),plastic,pur (0.36) | pur (0.35) | pur (0.34),below_threshold,hit
06.26,S1,6,1,0626S1-6.CSV,phase2,train,unresolved,unresolved,withheld,WH,True,True,polyester_PET,0.212,polyolefin_PP,CASTROL Syntilo RHS,65.74,pe,0.764655656447921,poly(propylene),0.736455366083561,polypropylene,0.574934310794942,confident,0.1672185613883978,poly(ethylene),plastic,pe (0.76) | pe (0.74) | pe (0.74),hit,hit
06.26,S1,8,1,0626S1-8.CSV,phase2,train,unresolved,unresolved,withheld,WH,True,True,polyolefin_PE,0.746,polyolefin_PE,Duct tape (Back side),97.12,pe,0.896810761315741,poly(ethylene),0.954828120737388,polyethylene_low_density,0.982018333681625,tentative,0.2581017845959417,poly(ethylene),plastic,pe (0.90) | pe (0.90) | pp (0.90),hit,hit
07.11,S1,2,1,0711S1-2.CSV,heldout_july,heldout_1,unresolved,unresolved,withheld,WH,True,False,polyolefin_PE,0.061,polyolefin_PE,Duct tape (Back side),86.88,pe,0.823605862711854,poly(ethylene),0.949321857176004,polyethylene_high_density,0.865950473562109,tentative,0.0731385107925786,poly(ethylene),plastic,pe (0.82) | pe (0.82) | eps (0.82),hit,hit
07.12,S1,11,1,0712S1-11.CSV,heldout_july,heldout_1,unresolved,unresolved,withheld,WH,True,True,polyolefin_PE,0.214,polyolefin_PE,Duct tape (Back side),88.24,pe,0.812433351946464,poly(ethylene),0.925726440822083,polyethylene_high_density,0.858810538415305,tentative,0.2301867827444098,poly(ethylene),plastic,pe (0.81) | pe (0.81) | pp (0.81),hit,hit
07.25,S1,1,1,0725S1-1.CSV,heldout_july,heldout_2,unresolved,unresolved,withheld,WH,True,True,polyolefin_PE,0.074,SAN,White Play Sand,83.5,aragonite__r040078-1__infrared__infrared_data_processed__1009,0.70020248278205,mineral,0.698552306927867,poly(phenylene_sulfide),0.484553087876113,tentative,,mineral,not plastic,aragonite__r040078-1__infrared__infrared_data_processed__1009 (0.70) | aragonite (0.70) | rhodochrosite (0.64),hit,hit
07.25,S1,11,1,0725S1-11.CSV,heldout_july,heldout_2,unresolved,tentative,withheld,WH,True,True,polystyrene,0.737,QC_low_contrast,"AMMONIUM-D4 THIOCYANATE, 99 ATOM % D",65.07,naturkautschuk,0.558599526038399,poly(acrylamide/amid)s,0.669787383039737,polyethylene_chlorosulfonated,0.0579727368252538,unresolved,,poly(ethylene),plastic,naturkautschuk (0.56) | kyanite (0.55) | kyanite (0.51),below_threshold,hit
07.25,S1,12,1,0725S1-12.CSV,heldout_july,heldout_2,unresolved,tentative,withheld,WH,True,True,polyolefin_PE,0.762,QC_low_contrast,"SODIUM DICYANAMIDE, 96%",50.47,high-density polyethylene,0.532337987151369,styrene-butadiene,0.433409460284975,acrylonitrile_butadiene,-0.0134702111082075,unresolved,,poly(ethylene),plastic,high-density polyethylene (0.53) | high-density polyethylene (0.51) | naturkautschuk (0.51),below_threshold,hit
07.25,S1,13,1,0725S1-13.CSV,heldout_july,heldout_2,unresolved,unresolved,withheld,WH,True,True,PVC,0.168,silicate,Dry Milk Powder,62.12,pp,0.627713258792931,poly(acrylamide/amid)s,0.463049558126098,coal,0.628266774817985,tentative,,poly(propylene),plastic,pp (0.63) | pp (0.63) | pp (0.62),below_threshold,hit
07.25,S1,14,1,0725S1-14.CSV,heldout_july,heldout_2,unresolved,unresolved,withheld,WH,True,True,polyolefin_PE,0.144,carbonate_calcite,Plotter paper / glossy,86.45,pyromorphite__r050085-1__infrared__infrared_data_processed__345,0.732482454786067,mineral,0.500084076401012,resin_dispersion,0.832335759025922,tentative,,mineral,not plastic,pyromorphite__r050085-1__infrared__infrared_data_processed__345 (0.73) | pyromorphite (0.73) | andalusite__r050561-1__infrared__infrared_data_processed__601 (0.73),hit,hit
07.25,S1,5,1,0725S1-5.CSV,heldout_july,heldout_2,unresolved,unresolved,withheld,WH,True,True,PVC,0.581,carbonate_calcite,ALS-AR100,74.68,pe,0.729711987213303,organic matter,0.489799400317764,styrene_butyl_methacrylate,0.78836074748966,tentative,,poly(ethylene),plastic,pe (0.73) | pe (0.73) | pe (0.73),hit,hit
07.25,S1,6,1,0725S1-6.CSV,heldout_july,heldout_2,unresolved,tentative,withheld,WH,True,True,polystyrene,0.746,mineral_or_unresolved,Polyester (41% soybean oil modified phthalic alkyd),80.23,alkyd.resin,0.770199518764417,polymethacrylates,0.470213601657348,poly(diallyl_isophthalate),0.686939811251235,unresolved,,polyhaloolefins (vinylhalides),plastic,alkyd.resin (0.77) | pet/pest (0.74) | alkyd.resin (0.74),hit,hit
