class,band_cm1,key,library_assignment,n_sources,sources,max_delta,lit_assignment,grade,pending
polyolefin_PP,252,,[] -,1,"Nava2021(252, +0)",0.0,,A,
polyolefin_PP,321,,[] -,1,"Nava2021(321, +0)",0.0,,A,
polyolefin_PP,398,Y,[bold and Boke] skeletal deformation (Nava bold = strongest) - collides with weathered LDPE 400 and anatase 399 within 1-2 cm-1,3,"Lenz2015(398, +0); Nava2021(398, +0); Boke2022(399, -1)",1.0,,A,
polyolefin_PP,458,,[] -,1,"Nava2021(458, +0)",0.0,,A,
polyolefin_PP,530,,[] -,1,"Nava2021(530, +0)",0.0,,A,
polyolefin_PP,809,Y,[bold and Boke] C-C / CH2 rock (specific to PP; absent in PE),4,"Phan2022(809, +0); Lenz2015(809, +0); Nava2021(809, +0); Boke2022(810, -1)",1.0,"rho(CH2) + nu(C-C, C-CH3) [Nava2021 p.1349]; CH/CH2 deformation [Boke2022]",A,
polyolefin_PP,841,Y,[bold and Boke] C-C,4,"Phan2022(842, -1); Lenz2015(841, +0); Nava2021(841, +0); Boke2022(841, +0)",1.0,"rho(CH2, CH3) + nu(C-C, C-CH3) [Nava2021 p.1349]",A,
polyolefin_PP,900,,[] -,1,"Nava2021(900, +0)",0.0,,A,
polyolefin_PP,941,,[] -,1,"Nava2021(941, +0)",0.0,,A,
polyolefin_PP,973,Y,[ and Boke] CH3 rock,3,"Phan2022(973, +0); Nava2021(973, +0); Boke2022(974, -1)",1.0,,A,
polyolefin_PP,998,Y,[ and Boke] CH3 rock (helical),4,"Phan2022(998, +0); Lenz2015(998, +0); Nava2021(998, +0); Boke2022(999, -1)",1.0,CH3 deformation [Boke2022 Fig.2b 999]; listed in Table II [Nava2021],A,
polyolefin_PP,1040,Y,[bold] -,1,"Nava2021(1040, +0)",0.0,,A,
polyolefin_PP,1102,,[] -,1,"Nava2021(1102, +0)",0.0,,A,
polyolefin_PP,1152,Y,[bold and Boke] C-C + C-CH3,4,"Phan2022(1152, +0); Lenz2015(1153, -1); Nava2021(1152, +0); Boke2022(1153, -1)",1.0,"nu(C-C, C-CH3) + CH bend + CH3 rock [Nava2021 p.1349]; CC stretch [Boke2022 1153]",A,
polyolefin_PP,1167,,[ and Boke] C-C  [sh] shoulder - risk of a false negative in peak detection,3,"Phan2022(1167, +0); Nava2021(1167, +0); Boke2022(1168, -1)",1.0,,A,
polyolefin_PP,1219,,[] -,1,"Nava2021(1219, +0)",0.0,,A,
polyolefin_PP,1257,,[] -,1,"Nava2021(1257, +0)",0.0,,A,
polyolefin_PP,1296,,[] -,1,"Nava2021(1296, +0)",0.0,,A,
polyolefin_PP,1306,,[] -,1,"Nava2021(1306, +0)",0.0,,A,
polyolefin_PP,1330,Y,[bold and Boke] CH bend,3,"Lenz2015(1330, +0); Nava2021(1330, +0); Boke2022(1330, +0)",0.0,,A,
polyolefin_PP,1360,,[] -,1,"Nava2021(1360, +0)",0.0,,A,
polyolefin_PP,1371,,[ and Boke] -  [sh] shoulder - risk of a false negative in peak detection,2,"Nava2021(1371, +0); Boke2022(1371, +0)",0.0,,A,
polyolefin_PP,1435,,[] -,1,"Nava2021(1435, +0)",0.0,,A,
polyolefin_PP,1458,Y,[bold and Boke] CH2 / CH3 bend,4,"Phan2022(1460, -2); Lenz2015(1459, -1); Nava2021(1458, +0); Boke2022(1460, -2)",2.0,CH3 asymmetric bend + CH2 bend [Nava2021 p.1349]; methyl related [Boke2022 1460],A,
polyolefin_PP,2840,,[] -,1,"Nava2021(2840, +0)",0.0,,A,
polyolefin_PP,2871,,[] -,1,"Nava2021(2871, +0)",0.0,,A,
polyolefin_PP,2883,Y,[bold] CH stretch,2,"Lenz2015(2883, +0); Nava2021(2883, +0)",0.0,,A,
polyolefin_PP,2905,,[] -,2,"Lenz2015(2905, +0); Nava2021(2905, +0)",0.0,,A,
polyolefin_PP,2920,,[] -,1,"Nava2021(2920, +0)",0.0,,A,
polyolefin_PP,2952,,[] CH3 asym stretch,2,"Lenz2015(2953, -1); Nava2021(2952, +0)",1.0,,A,
polyolefin_PP,830,,C-C stretch + CH3 rock - melt-like amorphous phase [Phan2022 Table 3],1,"Phan2022(830, +0)",0.0,,A,
polyolefin_PE,1062,Y,[ and Boke] C-C asym stretch (crystalline),4,"Phan2022(1063, -1); Lenz2015(1063, -1); Nava2021(1062, +0); Boke2022(1063, -1)",1.0,nu_as(C-C) asymmetric stretch [Nava2021 p.1348],A,
polyolefin_PE,1130,Y,[ and Boke] C-C sym stretch (crystalline),4,"Phan2022(1129, +1); Lenz2015(1130, +0); Nava2021(1130, +0); Boke2022(1129, +1)",1.0,nu_s(C-C) symmetric stretch [Nava2021 p.1348],A,
polyolefin_PE,1170,,[] CH2 rock,1,"Nava2021(1170, +0)",0.0,,A,
polyolefin_PE,1295,Y,[ and Boke] CH2 twist,4,"Phan2022(1296, -1); Lenz2015(1296, -1); Nava2021(1295, +0); Boke2022(1295, +0)",1.0,tau(CH2) twisting [Nava2021 p.1348]; CH2 deformation [Boke2022 Fig.2a],A,
polyolefin_PE,1417,,[] CH2 bend (crystallinity marker),3,"Phan2022(1418, -1); Lenz2015(1418, -1); Nava2021(1417, +0)",1.0,,A,
polyolefin_PE,1440,Y,[ and Boke] CH2 bend,4,"Phan2022(1440, +0); Lenz2015(1441, -1); Nava2021(1440, +0); Boke2022(1441, -1)",1.0,delta(CH2) bending [Nava2021 Table II; Boke2022 1441],A,
polyolefin_PE,1460,,[] -,3,"Phan2022(1462, -2); Lenz2015(1463, -3); Nava2021(1460, +0)",3.0,,A,
polyolefin_PE,2850,Y,[bold] sym CH2,3,"Phan2022(2850, +0); Lenz2015(2849, +1); Nava2021(2850, +0)",1.0,,A,
polyolefin_PE,2883,Y,[bold] asym CH2,2,"Phan2022(2884, -1); Nava2021(2883, +0)",1.0,,A,
polyolefin_PE,1080,,C-C amorphous halo [Phan2022: 1075 = amorphous phase],1,"Phan2022(1075, +5)",5.0,,A,
polystyrene,621,Y,[ and Boke] ring,2,"Nava2021(621, +0); Boke2022(621, +0)",0.0,,A,
polystyrene,795,Y,[ and Boke] ring,2,"Nava2021(795, +0); Boke2022(795, +0)",0.0,,A,
polystyrene,1001,Y,[bold and Boke] ring breathing (very strong),2,"Nava2021(1001, +0); Boke2022(1002, -1)",1.0,aromatic ring breathing [Nava2021 p.1349; Boke2022 1002 symmetric ring breathing],A,
polystyrene,1031,Y,[ and Boke] CH in-plane,2,"Nava2021(1031, +0); Boke2022(1032, -1)",1.0,CH in-plane deformation [Nava2021; Boke2022 1032],A,
polystyrene,1155,,[] C-C,1,"Nava2021(1155, +0)",0.0,,A,
polystyrene,1450,,[] CH2,1,"Nava2021(1450, +0)",0.0,,A,
polystyrene,1583,,[] ring,1,"Nava2021(1583, +0)",0.0,,A,
polystyrene,1602,Y,[bold and Boke] ring C=C,2,"Nava2021(1602, +0); Boke2022(1603, -1)",1.0,ring skeletal stretch [Nava2021; Boke2022 1603],A,
polystyrene,2854,,[] -,1,"Nava2021(2854, +0)",0.0,,A,
polystyrene,2904,,[] -,1,"Nava2021(2904, +0)",0.0,,A,
polystyrene,3054,Y,[bold] aromatic CH,1,"Nava2021(3054, +0)",0.0,,A,
acrylonitrile_copolymer,2240,Y,C-N nitrile (indicates the group only; species undetermined),2,"Lenz2015(2236, +4); Nava2021(2240, +0)",4.0,"nitrile C-N [Nava2021 Table II, ABS 2240 (strongest), PAN 2237]",A,
acrylonitrile_copolymer,1001,,ring breathing (promotes to SAN/ABS when styrene is also present),2,"Lenz2015(1001, +0); Nava2021(1002, -1)",1.0,,A,
acrylonitrile_copolymer,1602,,ring C=C (confirms accompanying styrene),2,"Lenz2015(1602, +0); Nava2021(1603, -1)",1.0,,A,
polyester_PET,278,,[] -,1,"Nava2021(278, +0)",0.0,,A,
polyester_PET,626,Y,[ and Boke] C-O,2,"Nava2021(626, +0); Boke2022(632, -6)",6.0,,A,
polyester_PET,701,,[] -,1,"Nava2021(701, +0)",0.0,,A,
polyester_PET,800,,[] -,1,"Nava2021(800, +0)",0.0,,A,
polyester_PET,857,Y,[ and Boke] ring - within 4 cm-1 of weathered LDPE 853; as PET's exclusive band this risks a spurious exclusive match,2,"Nava2021(857, +0); Boke2022(857, +0)",0.0,"Ag mode, ring CC + C(O)-O stretch [Nava2021 p.1349-50, 857]",A,
polyester_PET,950,,[] -,1,"Nava2021(950, +0)",0.0,,A,
polyester_PET,1000,,[] -,1,"Nava2021(1000, +0)",0.0,,A,
polyester_PET,1096,,[] C-O,1,"Nava2021(1096, +0)",0.0,,A,
polyester_PET,1119,,[] ring,1,"Nava2021(1119, +0)",0.0,,A,
polyester_PET,1192,,[] -,1,"Nava2021(1192, +0)",0.0,,A,
polyester_PET,1295,Y,[ and Boke] ring,2,"Nava2021(1295, +0); Boke2022(1287, +8)",8.0,"ester C(O)-O vibration [Nava2021 1295; Boke2022 Fig.2d 1287, delta 8 borderline]. Value taken from Nava throughout, which puts it at delta 0 from PE 1295",A,
polyester_PET,1310,,[] -  [sh] shoulder - risk of a false negative in peak detection,1,"Nava2021(1310, +0)",0.0,,A,
polyester_PET,1418,,[] ring,1,"Nava2021(1418, +0)",0.0,,A,
polyester_PET,1462,,[] -,1,"Nava2021(1462, +0)",0.0,,A,
polyester_PET,1615,Y,[bold and Boke] aromatic C-C,3,"Lenz2015(1616, -1); Nava2021(1615, +0); Boke2022(1614, +1)",1.0,aromatic ring vibration - present in Raman but not IR [Boke2022 Fig.2d 1614],A,
polyester_PET,1730,Y,[bold and Boke] C=O ester,2,"Nava2021(1730, +0); Boke2022(1725, +5)",5.0,C=O carbonyl stretch [Nava2021 1730; Boke2022 1725],A,
polyester_PET,2912,,[] -,1,"Nava2021(2912, +0)",0.0,,A,
polyester_PET,2968,,[] -,1,"Nava2021(2968, +0)",0.0,,A,
polyester_PET,3085,,[] aromatic CH,1,"Nava2021(3085, +0)",0.0,,A,
PVC,310,,[] -,1,"Nava2021(310, +0)",0.0,,A,
PVC,345,,[] -  [sh] shoulder - risk of a false negative in peak detection,1,"Nava2021(345, +0)",0.0,,A,
PVC,363,Y,[bold and Boke] C-Cl skeletal,2,"Nava2021(363, +0); Boke2022(362, +1)",1.0,,A,
PVC,420,,[] -,1,"Nava2021(420, +0)",0.0,,A,
PVC,496,,[] -,1,"Nava2021(496, +0)",0.0,,A,
PVC,544,,[] -,1,"Nava2021(544, +0)",0.0,,A,
PVC,571,,[] -,1,"Nava2021(571, +0)",0.0,,A,
PVC,599,,[] -,1,"Nava2021(599, +0)",0.0,,A,
PVC,615,,[] -,1,"Nava2021(615, +0)",0.0,,A,
PVC,638,Y,[bold and Boke] C-Cl,4,"Lenz2015(637, +1); Nava2021(638, +0); Boke2022(636, +2); Araujo2018(637, +1)",2.0,C-Cl stretch [Nava2021 p.1351; Boke2022 636; Araujo2018 637],A,
PVC,682,,[] -,1,"Nava2021(682, +0)",0.0,,A,
PVC,694,Y,[bold and Boke] C-Cl,4,"Lenz2015(693, +1); Nava2021(694, +0); Boke2022(695, -1); Araujo2018(693, +1)",1.0,C-Cl stretch [Nava2021 694; Boke2022 695/696; Araujo2018 693],A,
PVC,752,,[] -,1,"Nava2021(752, +0)",0.0,,A,
PVC,838,,[] -,1,"Nava2021(838, +0)",0.0,,A,
PVC,930,,[] -,1,"Nava2021(930, +0)",0.0,,A,
PVC,964,,[] -,1,"Nava2021(964, +0)",0.0,,A,
PVC,972,,[] -,1,"Nava2021(972, +0)",0.0,,A,
PVC,1066,,[] -,1,"Nava2021(1066, +0)",0.0,,A,
PVC,1101,,[] -,1,"Nava2021(1101, +0)",0.0,,A,
PVC,1119,,[] -,1,"Nava2021(1119, +0)",0.0,,A,
PVC,1172,,[] C-C,1,"Nava2021(1172, +0)",0.0,,A,
PVC,1187,,[] -,1,"Nava2021(1187, +0)",0.0,,A,
PVC,1216,,[] -,1,"Nava2021(1216, +0)",0.0,,A,
PVC,1257,,[] -,1,"Nava2021(1257, +0)",0.0,,A,
PVC,1316,,[] -,1,"Nava2021(1316, +0)",0.0,,A,
PVC,1335,,[] -,1,"Nava2021(1335, +0)",0.0,,A,
PVC,1357,,[] -,1,"Nava2021(1357, +0)",0.0,,A,
PVC,1379,,[] -,1,"Nava2021(1379, +0)",0.0,,A,
PVC,1430,Y,[bold and Boke] CH2 bend,2,"Nava2021(1430, +0); Boke2022(1437, -7)",7.0,,A,
PVC,1437,Y,[ and Boke] CH2 bend,2,"Nava2021(1437, +0); Boke2022(1437, +0)",0.0,methylene group [Boke2022 1437; Nava2021 1437],A,
PVC,1498,,[] -,1,"Nava2021(1498, +0)",0.0,,A,
PVC,2914,Y,[bold] CH stretch,2,"Lenz2015(2919, -5); Nava2021(2914, +0)",5.0,,A,
PVC,2935,Y,[bold] CH2 asym stretch,1,"Nava2021(2935, +0)",0.0,,A,
PVC,2969,,[] -,1,"Nava2021(2969, +0)",0.0,,A,
PVC,2994,,[] -,1,"Nava2021(2994, +0)",0.0,,A,
nylon_PA,1063,,C-C,1,"Nava2021(1063, +0)",0.0,,A,
nylon_PA,1128,,C-C,1,"Nava2021(1128, +0)",0.0,,A,
nylon_PA,1280,Y,amide III,1,"Nava2021(1283, -3)",3.0,"amide III (C-N stretch + N-H bend), specific to NY6 - the main difference from nylon66 [Nava2021 p.1351, 1283]",A,
nylon_PA,1306,,CH2 twist,1,"Nava2021(1310, -4)",4.0,,A,
nylon_PA,1440,Y,CH2 bend,1,"Nava2021(1440, +0)",0.0,,A,
nylon_PA,1635,Y,amide I (C=O),1,"Nava2021(1636, -1)",1.0,"amide I (mainly C=O stretch) [Nava2021 p.1350, 1636]",A,
nylon_PA,2900,,CH stretch,1,"Nava2021(2900, +0)",0.0,,A,
nylon_PA,3300,Y,N-H stretch,2,"Lenz2015(3306, -6); Nava2021(3302, -2)",6.0,"N-H stretch [Nava2021 p.1350, 3302]",A,
carbonate_calcite,156,,lattice,1,"DeLaPierre2014_main(154.9, +1.1)",1.0999999999999943,,A,
carbonate_calcite,282,Y,lattice (calcite),2,"DeLaPierre2014_main(281.2, +0.8); Buzgar2009(285, -3)",3.0,"Eg lattice, T(Ca,CO3) [DeLaPierre2014 powder 300K 281.2; Buzgar2009 285]",A,
carbonate_calcite,712,Y,nu4 in-plane bend (single line),2,"DeLaPierre2014_main(712.4, -0.4); Buzgar2009(715, -3)",3.0,"Eg, nu4 in-plane bend as a single line - in contrast to the 701.8/706.1 doublet of aragonite. [DeLaPierre2014 powder 300K 712.4; Buzgar2009 715]",A,
carbonate_calcite,1086,Y,nu1 sym stretch (very strong),2,"DeLaPierre2014_main(1086.2, -0.2); Buzgar2009(1087, -1)",1.0,"A1g, nu1 CO3 symmetric stretch (strongest) [DeLaPierre2014 powder 300K 1086.2; Buzgar2009 1087]. Only 0.9 from aragonite 1085.3, so nu1 alone cannot distinguish the polymorphs",A,
carbonate_calcite,1435,,nu3,2,"DeLaPierre2014_main(1435.8, -0.8); Buzgar2009(1437, -2)",2.0,,A,
carbonate_aragonite,152,,lattice,1,"DeLaPierre2014_main(153.0, -1)",1.0,,A,
carbonate_aragonite,206,Y,lattice (aragonite),1,"DeLaPierre2014_main(206.3, -0.3)",0.30000000000001137,"B2g lattice [DeLaPierre2014 powder 300K 206.3]. Buzgar2009 did not observe this band (only five were seen), so it rests on a single source. It also collides exactly with quartz 206",A,
carbonate_aragonite,705,Y,nu4 (a single peak at this instrument's resolution; the 701/706 doublet is unresolved),2,"DeLaPierre2014_main(706.1, -1.1); Buzgar2009(701, +4)",4.0,"nu4. DeLaPierre resolves 701.8 (B3g) + 706.1 (Ag) at resolution 1.3; Buzgar smears them into a single 701.3 at resolution 3. Our point spacing of 3.10 puts us with the latter. 705 versus 701 is an open decision: 705 collides with calcite 712 (delta 7), 701 with PVC 696 (delta 5)",A,
carbonate_aragonite,1085,Y,nu1 sym stretch,2,"DeLaPierre2014_main(1085.3, -0.3); Buzgar2009(1083, +2)",2.0,"Ag, nu1 CO3 symmetric stretch (strongest) [DeLaPierre2014 powder 300K 1085.3; Buzgar2009 1083]. Note that 1095.3 is a calculated value, not a measurement",A,
carbonate_aragonite,1462,,nu3,2,"DeLaPierre2014_main(1462.2, -0.2); Buzgar2009(1461, +1)",1.0,,A,
silicate_quartz,206,Y,"lattice - measured 203.8-205.2. Identical to carbonate_aragonite 206 (delta 0), so the two cannot be separated",1,"RRUFF2015(205.2, +0.8)",0.8000000000000114,,A,
silicate_quartz,264,,Si-O,1,"RRUFF2015(264, +0)",0.0,,A,
silicate_quartz,355,Y,Si-O,1,"RRUFF2015(354.9, +0.1)",0.10000000000002274,,A,
silicate_quartz,394,,Si-O,1,"RRUFF2015(393.7, +0.3)",0.30000000000001137,,A,
silicate_quartz,464,Y,Si-O-Si bend (very strong),1,"RRUFF2015(464.1, -0.1)",0.10000000000002274,,A,
silicate_quartz,696,,Si-O,1,"RRUFF2015(696.1, -0.1)",0.10000000000002274,,A,
silicate_quartz,808,,"Si-O - the 795/808 A1 doublet is represented here by 808 alone. Which component dominates is sample dependent (795 dominates in amethyst), giving a spread of 12.6 at 532 nm. Same problem as aragonite 705",1,"RRUFF2015(808.4, -0.4)",0.39999999999997726,,A,
silicate_quartz,1085,,"Si-O stretch - the tabulated value sits about 3 cm-1 above measurement (1081.2-1082.6). Identical to carbonate_aragonite 1085 on paper, but 3.5 apart in measurement. Inside TOL, so the verdict is unchanged - needs an SI footnote",1,"RRUFF2015(1082.6, +2.4)",2.400000000000091,,A,
silicate_quartz,1160,,Si-O,1,"RRUFF2015(1160, +0)",0.0,,A,
mineral_iron_oxide,226,Y,Fe-O (Eg),1,"RRUFF2015(225.9, +0.1)",0.09999999999999432,,A,
mineral_iron_oxide,245,,Fe-O (A1g),1,"RRUFF2015(245.1, -0.1)",0.09999999999999432,,A,
mineral_iron_oxide,292,Y,Fe-O (Eg),1,"RRUFF2015(291.9, +0.1)",0.10000000000002274,,A,
mineral_iron_oxide,412,Y,Fe-O (Eg),1,"RRUFF2015(412.1, -0.1)",0.10000000000002274,,A,
mineral_iron_oxide,497,,Fe-O (A1g),1,"RRUFF2015(496.2, +0.8)",0.8000000000000114,,A,
mineral_iron_oxide,612,Y,Fe-O (Eg),1,"RRUFF2015(611.4, +0.6)",0.6000000000000227,,A,
mineral_iron_oxide,1320,,2-magnon,0,,,,C,RRUFF R060190 / R040024 must be queried directly -> grade C
pigment_TiO2_anatase,144,,Eg (strongest; overlaps the artefact tail - accept only when 399/513/639 accompany it),1,"RRUFF2015(143, +1)",1.0,,A,
pigment_TiO2_anatase,197,,Eg,1,"RRUFF2015(196.6, +0.4)",0.4000000000000057,,A,
pigment_TiO2_anatase,399,Y,B1g,2,"RRUFF2015(395.7, +3.3); Nava2021(397, +2)",3.3000000000000114,,A,
pigment_TiO2_anatase,513,Y,A1g/B1g,2,"RRUFF2015(513.4, -0.4); Nava2021(516, -3)",3.0,,A,
pigment_TiO2_anatase,639,Y,Eg,2,"RRUFF2015(636.7, +2.3); Nava2021(638, +1)",2.2999999999999545,,A,
pigment_TiO2_rutile,143,,B1g (strongest; overlaps the artefact tail - accept only when 447/612 accompany it),1,"Nava2021(143, +0)",0.0,,A,
pigment_TiO2_rutile,235,,2-phonon,2,"RRUFF2015(234.8, +0.2); Nava2021(241, -6)",6.0,,A,
pigment_TiO2_rutile,447,Y,Eg,3,"Lenz2015(444, +3); RRUFF2015(446, +1); Nava2021(445, +2)",3.0,,A,
pigment_TiO2_rutile,612,Y,A1g,3,"Lenz2015(610, +2); RRUFF2015(614.3, -2.3); Nava2021(610, +2)",2.2999999999999545,,A,
pigment_TiO2_rutile,826,,B2g,1,"RRUFF2015(822, +4)",4.0,,A,
pigment_carbon_black,1350,Y,D band (broad) - excitation dependent (1343 at 455 nm),1,"Lenz2015(1343, +7)",7.0,,A,
pigment_carbon_black,1580,Y,G band (broad),1,"Lenz2015(1581, -1)",1.0,,A,
pigment_phthalocyanine,680,Y,macrocycle [Defeyt2012 T9 alpha: 680/681] - denominator of Scherrer's 750:680 ratio,3,"Nava2021(678, +2); Defeyt2012_T9(680, +0); Defeyt2012_T7(678, +2)",2.0,macrocycle; denominator of Scherrer's 750:680 intensity ratio [Defeyt2012 T9 alpha 680/681],A,
pigment_phthalocyanine,748,Y,macrocycle [Defeyt2012 T9 alpha: 747/748] - numerator of Scherrer's 750:680 ratio,3,"Nava2021(746, +2); Defeyt2012_T9(748, +0); Defeyt2012_T7(746, +2)",2.0,macrocycle; numerator of Scherrer's 750:680 intensity ratio [Defeyt2012 T9 alpha 747/748],A,
pigment_phthalocyanine,778,,macrocycle,2,"Defeyt2012_T9(778, +0); Defeyt2012_T7(775, +3)",3.0,,A,
pigment_phthalocyanine,832,,ring,2,"Defeyt2012_T9(832, +0); Defeyt2012_T7(829, +3)",3.0,,A,
pigment_phthalocyanine,953,,isoindole,3,"Nava2021(951, +2); Defeyt2012_T9(953, +0); Defeyt2012_T7(951, +2)",2.0,,A,
pigment_phthalocyanine,1008,,ring,2,"Defeyt2012_T9(1008, +0); Defeyt2012_T7(1005, +3)",3.0,,A,
pigment_phthalocyanine,1107,,ring,2,"Defeyt2012_T9(1107, +0); Defeyt2012_T7(1106, +1)",1.0,,A,
pigment_phthalocyanine,1142,,ring,3,"Nava2021(1141, +1); Defeyt2012_T9(1142, +0); Defeyt2012_T7(1141, +1)",1.0,,A,
pigment_phthalocyanine,1185,,"band f (polymorph marker) - demoted: cannot separate beta from epsilon, and the authors state position alone is insufficient",2,"Defeyt2012_T9(1185, +0); Defeyt2012_T7(1189, -4)",4.0,,A,
pigment_phthalocyanine,1215,,ring,2,"Defeyt2012_T9(1215, +0); Defeyt2012_T7(1215, +0)",0.0,,A,
pigment_phthalocyanine,1305,,isoindole,2,"Defeyt2012_T9(1305, +0); Defeyt2012_T7(1305, +0)",0.0,,A,
pigment_phthalocyanine,1341,Y,C-N / C-C [Defeyt2012 T9 alpha: 1335-1341],3,"Nava2021(1335, +6); Defeyt2012_T9(1341, +0); Defeyt2012_T7(1335, +6)",6.0,C-N / C-C [Defeyt2012 T9 alpha 1335-1341],A,
pigment_phthalocyanine,1452,,ring (1447-1452) - demoted: common CH bend region,3,"Nava2021(1446, +6); Defeyt2012_T9(1452, +0); Defeyt2012_T7(1446, +6)",6.0,,A,
pigment_phthalocyanine,1530,Y,"main macrocycle stretch - position unstable (spread of 9 across four alpha-paint samples, exceeding TOL). Non-detection is not evidence of absence",1,"Defeyt2012_T9(1530, +0)",0.0,"main macrocycle stretching [Defeyt2012 T9 alpha paints 1521-1530]. Not a polymorph effect but reversible, laser-power-dependent peak shifting: dry pigment 1520-1522 versus paint 1526-1530",A,
natural_isoprene,1000,,C-C,1,"Nallasamy2004(1001, -1)",1.0,,A,
natural_isoprene,1130,,C-C,1,"Nallasamy2004(1130, +0)",0.0,,A,
natural_isoprene,1310,,CH2 wag,1,"Nallasamy2004(1315, -5)",5.0,,A,
natural_isoprene,1360,,CH3 asym deformation [Nallasamy2004 Raman 1363; sym deformation is 1325],1,"Nallasamy2004(1363, -3)",3.0,,A,
natural_isoprene,1450,,CH2 / CH3 bend,1,"Nallasamy2004(1447, +3)",3.0,,A,
natural_isoprene,1664,Y,"C=C stretch [Nallasamy2004 Raman 1665 VS, 97 nuC=C] - cis/trans cannot be determined by Raman",1,"Nallasamy2004(1665, -1)",1.0,"C=C stretch, PED 97 nuC=C (almost pure), VS [Nallasamy2004 Raman 1665]. The '(cis-isoprene)' label has no source: Nallasamy's cis/trans markers are all infrared (833/893/1131 versus trans 965/1150) and C=C exists in trans too",A,
natural_isoprene,2910,,CH stretch,1,"Nallasamy2004(2909, +1)",1.0,,A,
natural_organic,440,,pyranose ring skeletal,2,"Nakajima2026(441, -1); Kizil2002(440, +0)",1.0,,A,
natural_organic,478,Y,"ring skeletal (C-C-O, starch marker)",2,"Nakajima2026(478, +0); Kizil2002(478, +0)",0.0,alpha(1->4) glycosidic chain vibration (DP >= 2); the key starch indicator below the fingerprint region. Absent in the isomalto(1->6) series [Nakajima2026 section 4],A,
natural_organic,575,,ring,2,"Nakajima2026(577, -2); Kizil2002(576, -1)",2.0,,A,
natural_organic,715,,ring,2,"Nakajima2026(719, -4); Kizil2002(710, +5)",5.0,,A,
natural_organic,763,,ring,2,"Nakajima2026(769, -6); Kizil2002(763, +0)",6.0,,A,
natural_organic,866,Y,C1-O-C5 bend (glycosidic),2,"Nakajima2026(866, +0); Kizil2002(860, +6)",6.0,"C1-O-C5 bending, glycosidic linkage [Nakajima2026 section 3.3]",A,
natural_organic,940,Y,C-O-C stretch (glycosidic),2,"Nakajima2026(940, +0); Kizil2002(936, +4)",4.0,"C-O-C stretching, glycosidic linkage [Nakajima2026 section 3.3]",A,
natural_organic,1083,,C-O,1,"Kizil2002(1087, -4)",4.0,,A,
natural_organic,1126,,C-O,1,"Kizil2002(1122, +4)",4.0,,A,
natural_organic,1460,,CH2 bend,1,"Kizil2002(1460, +0)",0.0,,A,
natural_organic,2900,,CH stretch,0,,,,C,"Partly resolved 2026-07-16: the Raman column of Kizil2002 Table 1 closes 1083->1087 (delta 4), 1126->1122 (delta 4) and 1460->1460 (delta 0). Only 2900 remains: Kizil's table treats it as a range (2800-3000) rather than a band value (the Fig. 2 label reads 2911, delta 11 > TOL), and Nakajima section 4 also calls it not a useful indicator. -> Decide between removal and [GAP]. Note that Kizil's 16 cm-1 resolution is twice TOL, so it is weak as a sole anchor"
